,text,grade,date
0,"Service √©lectricit√© tr√®s bien mais si‚Ä¶
Service √©lectricit√© tr√®s bien mais si vous avez un surplus de r√®glement √ßa se complique.
Le mot le plus employ√© par les services patience ü§¢ü§¢ü§¢
C'est pas un service comptable qu ils ont √† priori mais plut√¥t une usine √† gaz...
Franchement j'ai les nerfs de faire la tr√©sorerie de Total
Date de l'exp√©rience: 03 f√©vrier 2023",1,Il y a 9 heures
1,"Honteux
Honteux, si je pouvais mettre z√©ro ils le m√©riteraient.
Quand on les appel et qu'on appuie sur l'option parler avec un agent, dans la seconde √ßa raccroche automatiquement! Donc impossibilit√© de parler avec un agent !!
Par contre si vous n'√™tes pas client, ils seront bien la pour vous r√©pondre et dans les secondes!! Tout pour le fric et nouveaux clients mais rien pour leurs clients!
Date de l'exp√©rience: 02 f√©vrier 2023",1,Il y a un jour
2,"incompr√©hension avec le service client‚Ä¶
incompr√©hension avec le service client au sujet d‚Äôaugmentation de l‚Äô√©lectricit√© de 3,77% en janvier alors que le prix est encore bloqu√© jusqu‚Äôau 1er f√©vrier et de 16,83% pour le gaz en janvier alors que le gouvernement n'a autoris√© que 15% d‚Äôaugmentation.
J‚Äôai juste l‚Äôimpression qu‚Äôon ne parle pas la m√™me langue. La personne s‚Äôest retranch√© derri√®re le service facturation en me disant que c‚Äôest ce service qui fait les factures. Elle n‚Äôa aucune explication valable √† me donner. En clair c‚Äôest pas sa faute.
Date de l'exp√©rience: 01 f√©vrier 2023",1,ll y a 2 jours
3,"tr√®s satisfaite
En souscrivant en ligne je voulais avoir des renseignements avec un conseiller. En t√©l√©phonant je suis tomber sur une conseill√®re vraiment gentille et m'a aider √† refaire mon dossier. Elle a r√©pondu aux questions que je lui poser.
Date de l'exp√©rience: 31 janvier 2023",5,Il y a un jour
4,"Tr√®s bonne application
Tr√®s bonne application, j'ai acc√®s √† ma consommation en temps r√©el et j'ai toujours un conseiller assez rapidement au t√©l√©phone en cas de besoin. Sur l'application, il manque 2 choses cependant : - Une capacit√© √† simuler une consommation de gaz et anticiper le montant de la facture - Une traduction plus facile entre les unit√©s de consommation de gaz et les euros.
Date de l'exp√©rience: 29 janvier 2023",5,ll y a 5 jours
5,"J'ai toujours √©tait fid√®le et‚Ä¶
J'ai toujours √©tait fid√®le et respectueux depuis plus de 10 ans, je traverse 2 mois difficiles et je me fait coup√© le courant en boucle pendant mes heures creuse. C'est pitoyable, je vie √† la montagne il fait 8 degr√© dans mon logement.
Date de l'exp√©rience: 30 janvier 2023",1,ll y a 4 jours
6,"N'allez jamais chez totalenergie !!
N'allez jamais chez totalenergie !!! Ce sont de menteurs et des escros !! Service client pourri! Je n'ai pas d'√©lectricit√© depuis des jours, samedi on m'est dit que ce sera fonctionnel d√®s le dimanche matin et bien nooon, c'est de la mensonge ! je reste tout le weekend sans l'√©lectricit√© avec un enfant en bas √¢ge ! Merci totalenergie pour √™tre aussi nuls et incomp√©tents !!
Date de l'exp√©rience: 29 janvier 2023",1,ll y a 6 jours
7,"Je recommande
Cela fait 5 ans que je suis chez eux (√©lectricit√©) et je trouve le service plut√¥t bon.
J'ai effectu√© un d√©m√©nagement et tout c'est bien pass√©, rapide et sans probl√®me.
J'ai eu un soucis avant qu'on me mette un compteur Linky mais j'ai √©t√© satisfait de la r√©solution de celui ci.

Je recommande !
Date de l'exp√©rience: 27 janvier 2023",4,27 janv. 2023
8,"Efficacit√©
Efficacit√©, rapidit√©,tout √ßa pour un branchement d'un Linky en moins de 24 h et par t√©l√©phone ! Merci √† tout l'√©quipe !
Date de l'exp√©rience: 01 f√©vrier 2023",5,Il y a 11 heures
9,"A fuire
A fuire, grosse arnaque!!!!
On souscrit un contrat avec le conseiller qui nous indique un kW/h a 21 centimes. On signe ce contrat sans trouver le prix du kW/h qui est dans un tout petit tableau du contrat a la fin et finalement on est factur√© a 53 centimes.
M√™me le service client nous a confirmer que notre prix √©tait de 21 centimes sauf que sur la facture de cl√¥ture, le prix √©tait de 53.
Date de l'exp√©rience: 01 octobre 2022",1,25 janv. 2023
10,"Service client nul
Service client nul
J‚Äôappelle pour info sur ma consommation √©nergie et on me demande est ce que je suis expert?
Je suis ma conso et a la fin du mois le montant total du KWH consomm√© ne correspond pas.
LES CLIENTS PAYENT VOS SALAIRES!!!
ARR√äTEZ DE LES PRENDRENT POUR DES JAMBONS
Date de l'exp√©rience: 25 janvier 2023",1,25 janv. 2023
11,"1er contrat chez ce fournisseur de gaz‚Ä¶
1er contrat chez ce fournisseur de gaz et √©lectricit√© et des promesses non tenues : impossible de recevoir ma carte total sur laquelle doit √™tre cr√©dit√©e un bonus. Contrat souscrit en septembre 2022, 3 ou 4 relances, soit disant 2 envois de ma carte a 2 adresses diff√©rentes,jamais re√ßues et a chaque fois 5 a 8 semaines pour un nouvel envoi. Le contrat n‚Äôest pas rempli !
Date de l'exp√©rience: 24 septembre 2022",2,24 janv. 2023
12,"Je constate un grand professionnalisme‚Ä¶
Je constate un grand professionnalisme pour ce confondre en excuse aupr√®s de leurs clients,
Mais rassurez-vous ils font la m√™me chose pour leurs pollutions de notre Plan√®te.
Date de l'exp√©rience: 27 janvier 2023",1,27 janv. 2023
13,"Conseiller professionnel, raccordement rapide et sans souci
Je suis satisfaite car j'ai fait la d√©marche de souscription en ligne le vendredi apr√®s-midi, un conseiller m'a rappel√© le lundi matin et mon contrat / raccordement √©tait finalis√© le mercredi matin. Les d√©lais de raccordement promis ont √©t√© respect√©s. Le conseiller √©tait clair, agr√©able, √† l'√©coute.
Date de l'exp√©rience: 18 janvier 2023",5,23 janv. 2023
14,"service client aleatoire
si l inscription s est pass√©e sans encombre la suite est plus laborieuse.... impossible d avoir le suivi conso... c est tres embetant cela rend delicat la gestion d un budget energie... je ne vous parle pas des messages lenifiants du service client... enfin bref pour l instant d√©√ßu, avoir un suivi consommation avec des compteurs connect√©s ne me semble pas hors de port√©e pour une entreprise comme total...
Date de l'exp√©rience: 21 janvier 2023",1,21 janv. 2023
15,"Mitig√©
Je me suis abonn√© il y a un peu plus d'un an √† TotaEnergie avec un contrat 10% au dessous du tarif r√©glement√©, mais est vite pass√© √† 7% puis 0%.
Je suis satisfait du service, mais mitig√© par la politique commerciale.
Date de l'exp√©rience: 25 janvier 2023",4,25 janv. 2023
16,"ANARQUE NE SOUSCRIVEZ PAS !!!
ANARQUE NE SOUSCRIVEZ PAS !!!

J'ai souscrit un contrat chez total √©nergies fin novembre dans un logement de 50 m2 enti√®rement remis √† neuf et tr√®s bien isol√©, 2 mois apr√®s une facture de 1200e euros car ils vous force √† souscrire une offre verte √† 0,60 cts en heure pleine on s'en est aper√ßu trop tard et la facture est sal√©. Tout au plus avec un contrat eco on aurais pay√© 370 euros pour 2 mois.

Le montant de cette facture varie toute les semaines un coup 1152 euros un coup 1090 euros...

Je pr√©cise que je me suis fait parrain√© par mon p√®re qui est chez eux depuis des ann√©es de toute √©vidence ils en ont rien √† faire.

J'ai donc pris la d√©cision d'assumer mon erreur et de payer donc je demande une √©talement de cette facture sur 12 mois en plus de ma consommation. Surprise ce dimanche un nouveau pr√©l√®vement de 1223 euros aucune facture correspond √† ce montant.

A FUIR !!!

PS: Ils font 4 milliards de b√©n√©fices en 2022 il faut arr√™ter d'enrichir ce type de soci√©t√© car les temps sont difficiles et ils n'ont aucune consid√©ration pour le consommateur.
Date de l'exp√©rience: 29 janvier 2023",1,ll y a 5 jours
17,"Arnaque - Heures super creuses de chez Total Energie
Je poss√®de un v√©hicule √©lectrique depuis plus d'un an mais je ne peux pas b√©n√©ficier de cette offre. Pour pouvoir b√©n√©ficier de cette offre, vous √™tes oblig√© d'acheter et d'installer une borne de recharge de chez Total Energie d'un montant de 990‚Ç¨ plus un abonnement de 5‚Ç¨/mois.
J'assimile ce proc√©d√© √† de la vente forc√©e.
Date de l'exp√©rience: 19 janvier 2023",1,19 janv. 2023
18,"Tr√®s bon fournisseur d'√©nergie
Je suis tr√®s satisfait de TotalEnergies.

Aucune coupure lors de mon changement de fournisseur d'√©nergie, TotalEnergies s'est occup√© de tout.

Gr√¢ce √† mon parrainage, recevez une r√©duction sur votre premi√®re facture TotalEnergies pour toute nouvelle souscription.

R√©f√©rence client parrainage : 105594692
Date de l'exp√©rience: 19 janvier 2023",5,19 janv. 2023
19,"Le service t√©l√©phonique A FUIR
Je re√ßois un message comme quoi je dois les joindre sauf qu'au t√©l√©phone on me raccroche 3 fois d'affil√© apr√®s 30 min d'attente. Pour les avoir c'est toujours le m√™me cirque, Aga√ßant !!
Date de l'exp√©rience: 25 janvier 2023",1,25 janv. 2023
20,"D√©conseille fortement
Bonjour,

Je d√©conseille.
Probl√®mes internet pour se connecter √† notre espace
Facturation inexpliqu√© et inexplicable incessante m√™me apr√®s r√©siliation du contrat
Service client avec des temps d'attente infini (m√™me apr√®s premier √©change interminable)
R√©cemment p√©nalis√© par les services consommateurs...

Un enfer
Date de l'exp√©rience: 18 janvier 2023",1,18 janv. 2023
21,"Impossible aujourd'hui d'acc√©der au‚Ä¶
Impossible aujourd'hui d'acc√©der au site ce n'est pas la 1ere fois, ni au service client !!!! C'est inadmissible !!!!!! Le fait que vous ayez eu une sanction ne vous donne pas le droit de ne pas me laisser acc√©der √† mon espace ou √† vous appeler !!!! Merci de r√©silier imm√©diatement le contrat qui nous lie. Je ne suis plus dans le lieu, je ne vais pas payer pour rien. R√©pondez. R√©siliez tout de suite. Vous me r√©pondez avec un mail automatique mais jusqu'√† ce jour mon contrat √©tait toujours actif. Vous n'√™tes pas fiables du tout, vous n'avez respect√© vos engagements envers une cliente.
Date de l'exp√©rience: 18 janvier 2023",1,Actualis√© le 22 janv. 2023
22,"tres bonne exp√©rience avec cette‚Ä¶
tres bonne exp√©rience avec cette conseill√®re,mais j'ai oubli√© de lui demander de g√©rer mes mensualit√©s en fonction de mon compteur,pour ne pas payer une grosse somme √† la fin de mon √©ch√©ancier,pas comme avec ENGIE
Date de l'exp√©rience: 18 janvier 2023",4,19 janv. 2023
23,"Ne recommande pas
Activation du suivi journalier en juillet 2022, janvier 2023 toujours aucune possibilit√© de le consulter.
Des facturations incompr√©hensibles entre les estimations et les relev√©s r√©els, impossible de pr√©voir son budget sauf √† faire des calculs complexes.
Ce mois-ci baisse de 32% conso gaz et augmentation de 32% de l‚Äô√©lectricit√©... Les factures de r√©gularisations mettent des semaines avant d'√™tre √©dit√©e et c'est la loterie totale. L'estimation indique en votre faveur 414‚Ç¨ et surprise !! A facturation on vous r√©clame plus de 200‚Ç¨. A l'heure ou tout le monde se serre la ceinture, impossible d'√©tablir un budget avec ces factures de r√©gularisations. Je ne recommande pas
Date de l'exp√©rience: 19 janvier 2023",1,19 janv. 2023
24,"A fuir
Bonjour,

A fuir.
Probl√®mes de connexion √† l'espace client
Impossible d'avoir un suivis de ces factures correct
Facturation de r√©siliation sans motif et/ou informations
R√©cemment p√©nalis√© par les services consommateurs...

A fuir
Date de l'exp√©rience: 17 janvier 2023",1,18 janv. 2023
25,"Nouvelle Adh√©rente 70
Bonjour, üòä Toutes mes inscriptions ont √©t√© faites en ligne. Tr√®s facile il suffit de suivre les proc√©dures bien explicites. Les conseillers que j'ai contact√©s par t√©l√©phone ou mail sont tr√®s aimables, r√©actifs, et √† votre √©coute. Que du bonheur !! üòâ Je ne regrette pas d'avoir chang√© de fournisseur d'√©nergie pour √™tre venue et si bien accueillie chez TOTAL √âNERGIE. Bonne journ√©e √† tous.‚ú®üå∏
Date de l'exp√©rience: 02 janvier 2023",5,13 janv. 2023
26,"Cette Dame que j'ai eu au t√©l√©phone m'a‚Ä¶
Cette Dame que j'ai eu au t√©l√©phone m'a donn√© une explication parfaite et √† bien r√©p√©t√© plusieurs fois la r√©tractation possible dans les 14 jours. Ce que je n'utiliserais pas car mes connaissances chez Total Energie m'ont confort√© dans mon choix et la qualit√© de l'explication de cette Dame au t√©l√©phone √©galement.
Date de l'exp√©rience: 11 janvier 2023",5,13 janv. 2023
27,"Avis total direct energie
Bonjour,
Chez total Direct Energie j‚Äôai une baisse de ma facture de 10% par rapport √† engie. De plus vivant seule avec 4 enfants il faut gerer sa consommation. Du coup √ßa m‚Äôaide dans mon petit budget.
Voici mon Nmr client pour un parrainage : 108880131
Ayez le r√©flexe d‚Äôutiliser un parrainage obligatoire pour pouvoir b√©n√©ficier de 20 euros en moins sur votre facture des votre inscription.
Concernant le service client est disponible avec un accueil tr√®s √† l‚Äô√©coute. Tr√®s rassurant lors d‚Äôune prise de contact pour une premi√®re inscription.
L‚Äôapplication tr√®s peu utilis√©e.
Je recommande Total Direct Energie concernant les gens ind√©cis d‚Äôun changement de fournisseur.delphine
Date de l'exp√©rience: 15 octobre 2022",5,16 janv. 2023
28,"Je re√ßois une mise en demeure pour des‚Ä¶
Je re√ßois une mise en demeure pour des factures d√©j√† pay√©s,vous √™tes s√©rieux totalEnergies ?
Date de l'exp√©rience: 25 janvier 2023",1,ll y a 6 jours
29,"Parfait et d√©pannage au top
Parfait souscription facile en ligne mais il faut quand m√™me les rappeler pour finaliser le dossier de souscription. Contrat mis en place en 2 jours. J'ai m√™me du faire appel au service d√©pannage un samedi et me conseiller m'a rapidement transf√©r√© au service enedis d√©pannage. Intervention en 2h en tout pour changer mon disjoncteur d'abonn√© pour r√©armer le compteur
Date de l'exp√©rience: 07 janvier 2023",5,8 janv. 2023
30,"Souscription sans accroc
Rapidit√©, facilit√©, service client joignable, efficace et aimable pour une souscription sans accroc laissant pr√©sager une bonne relation future. L'avenir le dira...
Date de l'exp√©rience: 17 janvier 2023",5,20 janv. 2023
31,"Rien a signal√©. Bon service
Rien a signal√©, j'appr√©cie l'application de suivi des consommations, ce qui m'as permis d'optimiser mes appareils. je peu suivre mes consommations sur 2 logements sans difficult√©. Adaptation facile des pr√©l√®vements. L'application m'a recommand√© de diminu√©.
Date de l'exp√©rience: 12 janvier 2023",5,12 janv. 2023
32,"Suivi Conso pratique mais capricieux
Je suis globalement content mais la remont√©e des consommations Elec et gaz n‚Äôest pas toujours fonctionnelle et cela rend difficile le suivi. Dommage car quand √ßa marche, c‚Äôest pratique de voir notre consommation pour se limiter.
Date de l'exp√©rience: 14 janvier 2023",4,14 janv. 2023
33,"√Ä fuir absolument
Impossible de mettre z√©ro √©toile et heureusement pour eux, en plus d'arnaquer les gens √† la souscription ils arnaquent √©galement lors des r√©siliations de contrat, demander 550 euros de rappel apr√®s 5 mois sans chauffage sans √™tre au logement, sans aucune explication autre que ""'c'est les prix"". C'est parfaitement honteux. Pas √©tonn√© que la compagnie ait √©t√© condamn√©e. √Ä fuir absolument
Date de l'exp√©rience: 06 janvier 2023",1,6 janv. 2023
34,"pub mensong√®re, plus de parrainage
Je suis parti chez eux en novembre, alors que j'√©tais parrain√© et que je devais profiter de 20 euro et que je pouvais parrain√© a mon tour je pensais faire une bonne affaire. Sauf qu'ils n'ont jamais retirer leurs pub de parrainage et 2 mois apr√®s il m'annonce que je ne peux pas en b√©n√©ficier. Merci je retourne chez edf bien moins ch√®re.
Date de l'exp√©rience: 06 janvier 2023",1,6 janv. 2023
35,"impossible de payer mes factures
Je paye mes factures tous les mois via le site Total Energie, mais votre site ne fonctionne plus depuis plus d'un mois et je n'ai pas pu payer mes factures. Je n'autoriserai pas le pr√©levement automatique, j'attends donc que le site soit √† nouveau op√©rationnel pour payer mes factures.
Date de l'exp√©rience: 09 janvier 2023",3,9 janv. 2023
36,"Entreprise pollueuse et climaticide
Entreprise pollueuse et climaticide. De plus elle n'h√©site pas √† financer des guerres pour faire du profit. Si vous avez encore un peu de dignit√©, je vous d√©conseille fortement de leur acheter quoi que ce soit.
Date de l'exp√©rience: 02 janvier 2023",1,14 janv. 2023
37,"Tr√®s bon fournisseur d'√©nergie
Je suis enti√®rement satisfaite de Total Energie.

Ce fournisseur applique les tarifs r√©glement√©s pour l'√©lectricit√© ET le gaz.

Aucune coupure lors de mon changement de fournisseur d'√©lectricit√© et de gaz : Total Energie s'est occup√© de tout.

Avec mon parrainage, recevez 20 ‚Ç¨ de r√©duction sur votre premi√®re facture.

R√©f√©rence client parrainage : 111352845
Date de l'exp√©rience: 04 janvier 2023",5,Actualis√© le 9 janv. 2023
38,"A fuir !!
A fuir !!! Suite √† d√©m√©nagement nous avons suscrit un contrat de Total Energie sur proposition le site meilleurs taux. Au bout d‚Äôune ann√©e prix de kwh a √©t√© augment√© %49,5. Quelle belle fid√©lisation. Apr√®s ce claque je me suis rendu compte que j‚Äôai pay√© beaucoup plus par rapport d‚Äôautres offres de march√©. Tout cela pour que Total se met encore plus sur dos de ses clients et rempli ses poches. Quelle honte !!!
Date de l'exp√©rience: 30 d√©cembre 2022",1,3 janv. 2023
39,"Services de plus en plus d√©porables
Cliente chez eux depuis plusieurs ann√©es je n'ai que des probl√®mes depuis la rentr√©e
Trop de factures √©dit√©es, pas de d√©tails disponibles, un suivi conso activ√© il y a plus de 2 mois et toujours d'acc√®s, aucune r√©ponse du service technique, un site et une application constamment indisponible
Service de plus en plus d√©plorable ...
Je compte me d√©sabonner et appeler la concurrence
Date de l'exp√©rience: 03 janvier 2023",1,3 janv. 2023
40,"D√©√ßu du service client j'ai demander‚Ä¶
D√©√ßu du service client j'ai demander plusieurs fois le changement de mon adresse mail et t√©l√©phone car impossible de ce connecter on m'a dit que √ßa serai fait toujours rien apr√®s 3 semaine yen a encore qui fond leur boulot correctement comme d habitude
Date de l'exp√©rience: 16 d√©cembre 2022",1,7 janv. 2023
41,"Hausse de l'√©lectricit√©...
Dans le contexte actuel de hausse g√©n√©ralis√©e cot√© √©nergie; je n'ai pas √† me plaindre de TotalEnergies malgr√© un rel√®vement (acceptable) de la mensualit√© de mon contrat...
Date de l'exp√©rience: 15 janvier 2023",4,15 janv. 2023
42,"Service client r√©actif et √† l‚Äô√©coute
Service client r√©actif et √† l‚Äô√©coute. Newsletter personnalis√©e avec conseils associ√©s sur notre consommation domestique. C‚Äôest tr√®s appr√©ciable surtout en ce moment avec l‚Äôinflation des prix.
Date de l'exp√©rience: 12 janvier 2023",5,12 janv. 2023
43,"TOTAL √âNERGIE ESCROC
Fuyez ce fournisseur qui est le plus gros arnaqueur de tous... Mon tarif de base par mois a exploser depuis un an je suis a 120euros par mois pour 17m2 une tele playstation4 et un ordinateur et une ampoules coute si chere a faire marcher ??? Bande descroc qui sont c tout n'allait pas chez eux surtout, ceux qui veulent perdre leur argent inutilement et sans savoir pr√©cis√©ment a quoi c du car en plus c'est de la publicit√© mebsogere qui il font je vous invite tous a regarder les diff√©rents reportages sur ce groupe plus que degeulasse avec certains de ses clients sans aucune piti√© il vous pmumeront !
Date de l'exp√©rience: 06 janvier 2023",1,6 janv. 2023
44,"Entreprise √† son image!!!
Entreprise √† son image!! site totalement d√©suet dans le sens ou d'autre font beaucoup mieux. Parmi mes probl√®mes:
Perte d'historique
surfacturation (avec rattrapage bien entendu)
Site lent
Site pas toujours accessible
Malgr√© la promesse de suivre sa consommation gaz √† l'heure ce n'est pas fonctionnel.
Je trouve donc inadmissible le fait qu'une soci√©t√© qui ne g√®re rien d'autre que la relation client par son site ait un site totalement inapte et g√©rer au moindre cout.
PS je travaille dans l'informatique.
Date de l'exp√©rience: 02 janvier 2023",1,2 janv. 2023
45,"Engagement tarif non respect√©
TotalEnergie a modifi√© arbitrairement mon contrat. L'engagement de la r√©duction de -7% par rapport au tarif r√©glement√© est devenu -5%. Alors que TotalEnergie fait des milliards de b√©n√©fice. TotalEnergie n'a pas respect√© le contrat clients.
Date de l'exp√©rience: 01 novembre 2022",2,7 janv. 2023
46,"Assistance chaudi√®re
J'ai souscrit une assistance chaudi√®re aupr√®s de Total qui eux utilise mondial assistance, le d√©lai du contrat est une intervention en 3h cela va faire 2 semaines et ma chaudi√®re est toujours en panne, si vous utilisez un service tiers pour les d√©pannage assurez-vous que celui-ci soit fiable, je r√©sili√© tous mes contrats pour ce manque de professionnalisme.
Date de l'exp√©rience: 20 d√©cembre 2022",2,31 d√©c. 2022
47,"Une entreprise qui se modernise
Cette entreprise se contente de travailler dans l'√©conomie traditionnelle sans se laisser trop influencer par des effets de mode. Elle sait aussi dans une certaine mesure r√©sister aux pressions conjoncturelles des pouvoirs publics.
Date de l'exp√©rience: 01 janvier 2023",5,6 janv. 2023
48,"Bonne accessibilit√© √† mon compte.
Bonne accessibilit√© √† mon compte.
Je rectifie mon chauffage en cons√©quence.
Date de l'exp√©rience: 28 janvier 2023",5,ll y a 7 jours
49,"DES VOLEURS ! FUYEZ
DES VOLEURS
FUYEZ
J'ai souscrit √† une offre via un commercial au t√©l√©phone en pensant que j'allais payer le prix normal.
Celui-ci m'a en fait abonn√© √† une offre verte ou je me suis rendu compte que je payais 2,5 fois plus cher que le prix normal. Le vendeur ne me l'a √©videmment jamais signal√©.
1er mois de froid et une facture de 300 euros alors que je vis dans un 30m2.
J'ai port√© une r√©clamation pour que mon √©change avec le vendeur soit √©cout√© pour prouver ma bonne foi mais on m'a fait part √† plusieurs reprises que ma demande n'est pas recevable.
Ils refusent cat√©goriqement de me rembourser une partie de cette facture, alors que lorsque l'on se rend sur le site Total Energie (14/01/2023) un gros bandeau rouge apparait pour mentionn√© un message du gouvernement stipulant qu'ils viennent d'√™tre condamn√© pour abuser de leur client√®le sur plusieurs services.
DES VOLEURS
FUYEZ
Date de l'exp√©rience: 14 janvier 2023",1,14 janv. 2023
50,"Irrespect des utilisateurs
Bonjour, cliente depuis de nombreuses ann√©es de Total Energie et utilisatrice de l application d√©di√©e je suis tr√®s d√©√ßue en ces p√©riodes difficiles de constater que cette application ne donne plus de r√©sultats depuis le 20 d√©cembre et nous sommes le 28 d√©cembre... Comment suivre sa conso de cette fa√ßon avec efficacit√© !
Date de l'exp√©rience: 28 d√©cembre 2022",2,29 d√©c. 2022
51,"Globalement satisfait du service
Globalement satisfait du service, de la communication et de l'application tr√®s efficace avec le couplage du Suivi Conso. Globalement satisfait du service, de la communication et de l'application tr√®s efficace avec le couplage du Suivi Conso.
Date de l'exp√©rience: 02 janvier 2023",5,2 janv. 2023
52,"R√©f√©rence inadapt√©e aux Comparaisons
La r√©f√©rence utilis√©e pour comparer ma consommation de d√©cembre est inappropri√©e. En effet, j'occupe une maison de 170 m√®tres carr√©s toute la journ√©e car nous sommes retrait√©s, et j'ai une suggestion de consommation de 880 kWh pour le mois de d√©cembre, on regarde ma consommation r√©elle qui est de 1800 kilowatt-heure. Sachant qu'il √©tait √©tabli que la consommation moyenne d'une maison de 120 m√®tres carr√©s est de 14000 kWh par an et que la monotone de charge se d√©forme en hiver je ne vois pas comment je pourrais consommer 880 kilowatt-heure pour ce dernier mois. Ou l'algorithme est de r√©f√©rence d√©fectueux ou le panel choisi est compl√®tement inappropri√© R√©mi Pl√©au ing√©nieur thermicien retrait√©.
Date de l'exp√©rience: 20 d√©cembre 2022",5,5 janv. 2023
53,"Frais de remise en service d'urgence factur√©s abusivement
Un beau jour un samedi, plus d'√©lectricit√©, je me rends compte apr√®s recherche que Total Energies a cl√¥tur√© mon contrat par erreur. Apr√®s 1h30 √† me balader au t√©l√©phone de service en service, ils finissent par remettre l'√©lectricit√© en urgence... et me facturent 53‚Ç¨ de frais de remise en urgence !!! A ce jour, 3 mois plus tard, aucun remboursement en vue et aucune r√©ponse √† mes mails de demande de remboursement !! Alors que l'erreur vient de chez eux !! Incroyablement frustrant, quelle bande de gros nuls.
Date de l'exp√©rience: 27 d√©cembre 2022",1,27 d√©c. 2022
54,"suppression de la remise
tr√®s surpris que malgr√© la hausse des prix de l'√©nergie la remise consentie √† la souscription du contrat ne soit pas maintenue je ne vois pas en quoi le prix influe sur la remise ?? elle √©tait d√©j√† pass√©e de 7% √† 5%.......
Date de l'exp√©rience: 04 janvier 2023",4,4 janv. 2023
55,"Tarifs OK / Service client et suivi √† revoir
En termes de tarifs et de fourniture d'√©lectricit√© rien √† redire. Par contre c√¥t√© service client et interface web ou mobile c'est une vraie catastrophe. Bug √† l'ouverture de mon contrat, il apparait en double, un qui est actif et l'autre en cours d'activation : le service client m'avait dit que cela allait √™tre r√©gl√© il y a 6 mois ... √ßa ne bouge pas. Pour ce qui est de mon contrat actif (Gaz + √©lectricit√©), le logement est indiqu√© comme faisant 10m¬≤ ...il en fait presque 200 : le service client ne peut visiblement pas modifier √ßa, donc le suivi de ma conso indique toujours que je suis tr√®s largement au dessus de ce que je devrais consommer, il ne sert donc √† rien. Tr√®s r√©guli√®rement le suivi journalier des consommations ne s'actualise plus (depuis le 3 janvier pour le gaz par exemple), donc suivi pr√©cis impossible. A chaque demande le service client me r√©pond dans un Fran√ßais al√©atoire que √ßa vient de chez eux et que √ßa va √™tre r√©solu. C'est effarant de voir une si grande entreprise ne pas √™tre capable de d√©veloppement au moins un syst√®me informatique fiable autour de leurs services !
Date de l'exp√©rience: 19 janvier 2023",3,19 janv. 2023
56,"Payer nos erreurs !!!
Un conseiller a fait une erreur sur mon transfert de contrat √† la suite de mon d√©m√©nagement‚Ä¶
Cette erreur s‚Äô√©l√®ve √† plus de 500 euros, ils reconnaissent que l‚Äôerreur vient du conseiller mais c‚Äôest moi qui doit quand m√™me payer l‚Äôerreur car les factures sont d√©j√† √©dit√©es‚Ä¶ils veulent rien savoir c‚Äôest fou quand m√™me !!! Ils me proposent un √©ch√©ancier pour payer l‚Äôerreur du conseiller‚Ä¶
Date de l'exp√©rience: 22 d√©cembre 2022",1,22 d√©c. 2022
57,"FUIR Scandaleux et peu recommandable
scandaleux et peu recommandable : arnaques, des choses non dites (bizarrement, condamn√©s pour ces raisons-ci fin 2022), absolument pas √† l'√©coute. 4 personnes, 4 discours diff√©rents. Un seul point commun : me prendre pour une idiote et r√©cup√©rer mon argent. Je suis choqu√©e.
Date de l'exp√©rience: 26 d√©cembre 2022",1,27 d√©c. 2022
58,"Recalculer bien vos factures
Faites tr√®s attention ils leurs arrivent souvent de se ¬´ tromper ¬ª je m‚Äôexplique, une facture de 141e √©dit√©e qui essaye d‚Äô√™tre Pr√©lev√©e. On les appelle pour savoir d‚Äôou elle sort et en recalculant avec eux c‚Äôetait en fait 110e a r√©gler. Un √©cart de 31euros ¬´ sans faire expr√®s ¬ª la personne de chez Total s‚Äôexcuse et fait la mise a jour‚Ä¶ si on ne v√©rifiait pas on se serait fait voler de 31e. C‚Äôest la deuxi√®me fois. Attention combien d‚Äôerreur font ils ¬´ par hasard ¬ª ?
Date de l'exp√©rience: 22 d√©cembre 2022",1,22 d√©c. 2022
59,"Je suis partie de chez totale √©nergie‚Ä¶
Je suis partie de chez totale √©nergie ,ils me doivent toujours 58 euros qui d'apr√®s le mail qu'ils m'ont envoy√© devait etre vers√© sur mon compte bancaire au plus tard le 19 d√©cembre ,a ce jour ,je n'ai toujours pas √©t√© rembourser !!!!
Date de l'exp√©rience: 30 d√©cembre 2022",1,30 d√©c. 2022
60,"Je demande la r√©siliation de mon‚Ä¶
Je demande la r√©siliation de mon abonnement gaz pour cause de d√©m√©nagement et j envoie mon auto relev√© le 3 d√©cembre. Le 6 d√©cembre je re√ßois un sms me disant que personne de grdf ne pourra venir relever le compteur avant mi janvier. Finalement total energie m indiquer un relev√© de compteur par grdf le 6 d√©cembre de 150m3 de plus que mon compteur.
Date de l'exp√©rience: 18 d√©cembre 2022",1,18 d√©c. 2022
61,"Tr√®s bonne et r√©guli√®re information sur‚Ä¶
Tr√®s bonne et r√©guli√®re information sur ma consommation. Effort de Total √† nous encourager de r√©duire notre consommation par des aides p√©cuniaires
Avec l'ant√©riorit√© de ce contrat, je peux comparer ma consommation avec 15 mois de recul
Date de l'exp√©rience: 28 d√©cembre 2022",5,28 d√©c. 2022
62,"Le service est pas mal
Le service est pas mal, mais ils n‚Äôont pas su regrouper mon compte √©lectricit√© et gaz √† cause d‚Äôune erreur de la part d‚Äôun propri√©taire de l‚Äôimmeuble qui s‚Äô√©tait tromp√© de compteur. Dommage car c‚Äôest moins pratique
Date de l'exp√©rience: 01 janvier 2023",4,1 janv. 2023
63,"HARCELER POUR 7‚Ç¨!!!
Voici mon cas: j'ai √©t√© d√©march√© par t√©l pour une souscription chez total √©nergie que j'ai valid√©, mais
apr√®s r√©flexion je me suis r√©tract√© avant les 14 jours
comme pr√©vu par la loi.
maintenant il me harcelle pour 7‚Ç¨ alors que je n'ai
rien consommer!
ils me menace m√™me de transf√©rer le dossier a un huissier de justice alors que ce groupe a fait des milliards de b√©n√©fice, on croit r√™ver!
Date de l'exp√©rience: 07 novembre 2022",1,17 d√©c. 2022
64,"S√©rieux
Nous avons souscrit a TotalEnergie car Leclerc √©nergie nous avait l√¢ch√©. J‚Äôaime l‚Äôapplication qui permet de suivre sa consommation en direct. J‚Äôaime le tarif heures super creuse.
Date de l'exp√©rience: 07 janvier 2023",5,7 janv. 2023
65,"un enfer pour avoir le remboursement du‚Ä¶
un enfer pour avoir le remboursement du d√©p√¥t de garantie, je suis a ma 3e mois d'attente
Date de l'exp√©rience: 23 janvier 2023",1,23 janv. 2023
66,"Ce ne sont que des voleurs et des‚Ä¶
Ce ne sont que des voleurs et des escrocs. J ai d√©cid√© de r√©silier mon contrat √©lec et gaz chez eux car les augmentations y allait bon train en l espace de deux mois presque 100 euros d augmentation. Pour la r√©siliation on me demande de payer 324 euros sois disant que j aurais surconsomm√© mais bien-s√ªr c est juste que j ai r√©silier avant ma date d √©ch√©ance et qu'il me r√©clame les mois restant a fuir surtout
Date de l'exp√©rience: 15 d√©cembre 2022",1,15 d√©c. 2022
67,"A FUIR!!! DES ARNAQUEURS
Dommage que je ne peut pas mettre 0 √©toile car m√™me 0 √©toile serait de trop. En 6 mois chez eux, je n'ai eu que des gal√®res. Il m'ont mis l'offre la plus ch√®re alors que explicitement demand√© la moins ch√®re, apr√®s le changement d'offre ma consommation √† miraculeusement tripl√©e. J'ai √©t√© accus√©e de leurs mentir sur le mat√©riel √©lectrique pr√©sent chez moi (frigo, plaque et ordinateur (rien d'autre, m√™me pas un s√®che-cheveux)) et de leur mentir sur la date ou j'ai allum√© le chauffage (en d√©cembre alors qu'elle soutenait que je les avaient allum√© en octobre) car pour eux il est logique de d√©penser 342‚Ç¨ d'√©lectricit√© pour un 65m¬≤ avec une enfant scolaris√©e... Un technicien Enedis est venu et m'a confirm√© que le probl√®me venait de chez eux mais ils ont continuer √† insister sur le fait que cela venait de ma consommation et que je ne payait rien d'aure. Bref A FUIR, je vais chez EDF.
Date de l'exp√©rience: 09 janvier 2023",1,9 janv. 2023
68,"Tr√®s satisfait de l'application total‚Ä¶
Tr√®s satisfait de l'application total √©nergie, on peut voir d'une ann√©e sur l'autre sa consommation. Il arrive quelquefois que la consommation ne soit pas mis √† jour, mais dans l'ensemble c'est tr√®s bien
Date de l'exp√©rience: 31 d√©cembre 2022",5,31 d√©c. 2022
69,"Des conseillers qui vous harc√®lent pour‚Ä¶
Des conseillers qui vous harc√®lent pour r√©gler des factures d√©j√† r√©gl√©es par TIP dans les dates.

Bravo total √©nergie.

√áa parle √† peine fran√ßais et √ßa se permet des choses tellement absurdes.

Vous frisez le harc√®lement alors que l'on a souscrit l'option Facture PAPIER.

On re√ßoit pas vos factures alors que c'est √©crit FACTURE PAPIER il faut apprendre √† lire !!!


Et arr√™tez de faire des b√©n√©fices en mettant les gens dans la m*rd* !
Date de l'exp√©rience: 12 d√©cembre 2022",1,12 d√©c. 2022
70,"4 mois apr√®s la souscription du contrat‚Ä¶
4 mois apr√®s la souscription du contrat chez Total √©nergies toujours pas de basculement. Je suis toujours factur√© par le pr√©c√©dent fournisseur d‚Äô√©nergie. Depuis que Total a rachet√© Direct √ânergie la qualit√© de service est devenue pourrie

R√©ponse de TotEn : ""sachiez que le probl√®me de refl√®te pas de la qualit√© de service Totale)"".... I

Faut-il comprendre que c'est leur volont√© de ne pas faire aboutir les souscriptions (pour info n'ai jamais eu d'impay√©s dans ma vie). Ridicule
Date de l'exp√©rience: 15 septembre 2022",1,Actualis√© le 12 d√©c. 2022
71,"plus aucun suivi sur ma consommation d‚Äô√©lectricit√©
Depuis le 18 novembre je ne peut plus suivre ma consommation d‚Äô√©lectricit√©. Je trouve cela abus√© et j‚Äôai bien peur que total √©nergie en profites pour nous facturer encore plus puisque nous avons plus de visuels sur notre consommation.
Je ne suis vraiment pas contente du service que propose totalenergie sachant que le probl√®me persiste depuis maintenant 3 semaines. J‚Äôai contacter le service client depuis une semaine mais ils peinent √† r√©soudre ce probl√®me.
Date de l'exp√©rience: 06 d√©cembre 2022",1,6 d√©c. 2022
72,"Parfait
Parfait, le tarif est juste et adapt√© √† ma consommation. Ils me remboursent en fin d‚Äô√©ch√©ancier si jamais j‚Äôai trop pay√©. Nous avons jamais eu de mauvaise surprise. Je les recommande.
Date de l'exp√©rience: 31 d√©cembre 2022",5,31 d√©c. 2022
73,"Chez total je paye l'abonnement alors m√™me Je ne suis plus cliente.... Ubuesque .
Tr√®s m√©contente. Suite √† plusieurs probl√®mes de communication non r√©solus j'ai chang√© de fournisseur d'√©nergie le 7 novembre dernier, hors j'ai encore du payer ce jour une facture concernant l'abonnement sur une p√©riode novembre et d√©cembre ou je ne suis plus cliente.
Au t√©l√©phone, les r√©ponses sont toutes faites. On vous propose un remboursement qui interviendra ou pas... C'est comme si la caissi√®re me faisait payer des courses que je n'ai pas achet√©... On r√™ve... Beaucoup de progr√®s √† faire
Date de l'exp√©rience: 06 d√©cembre 2022",1,6 d√©c. 2022
74,"Service impeccable chez Total Energie
A chaque fois que je contacte au t√©l√©phone le Service Clients de Total Energie, que ce soit pour le Gaz ou l""√©lectricit√©, je tombe sur une personne agr√©able, courtoise, √† l""√©coute, sachant bien conseiller ce qui est tr√®s important pour moi. Je recommande ce site qui nous fait b√©n√©ficier de tarifs pr√©f√©rentiels et j""esp√®re pour longtemps ;-)
Date de l'exp√©rience: 01 d√©cembre 2022",5,1 d√©c. 2022
75,"Service d√©plorable m√™me sur l‚Äôappli
En plus d‚Äô√™tre pollu√© par les messages de sanctions de la direction de fraudes, l‚Äôespace en ligne ne permet plus depuis des semaines de suivre sa consommation.
A un moment o√π il est important de surveiller sa consommation ce n‚Äôest franchement pas exemplaire‚Ä¶
Date de l'exp√©rience: 11 d√©cembre 2022",1,11 d√©c. 2022
76,"Comme monsieur Dubois et son message ci‚Ä¶
Comme monsieur Dubois et son message ci dessous, j'ai souscrit √† une offre verte chez total et je me suis retrouv√© avec une facture presque tripl√©e!
Ayant re√ßu le premier contrat avec un tarif heures creuses , je vois le prix du kwh en heures pleines a 0.18euro. Je l'accepte donc, puis le lendemain je me retrouve avec un autre contrat ou le prix en heures pleines passe subitement a 0.54euro/ kwh! Une vraie escroquerie!
Bien √©videmment le conseiller au t√©l√©phone ne savait rien me dire de plus que ce que je lui fournissait malgr√© les exemplaires des deux contrats. Je fais donc un mail dans lequel on me r√©pond qu'√† la p√©riode de souscription le contrat vert n'existait pas et qu'il y avait que le contrat vert fixe... on me stipule aussi que le contrat √âco n'existait pas encore √©galement. Mais dites moi? Vous n'avez qu'un type de contrat a proposer ou plut√¥t a imposer √† vos client?
Comment expliquez vous que je poss√®de deux contrats avec des grilles tarifaires diff√©rentes?
Bien √©videmment le service qui g√®re le litige me dit qu'il me r√©pondra pas avant 1 mois...
Bah voyons!
J'ai chauffe beaucoup moins qui plus est et je le retrouve avec une facture *3... je deconseille franchement total energies! Il y a juste a voir les condamnations qu'ils ont eu derni√®rement pour comprendre que mon cas fait partie de celles ci...
Bien √©videment si il le faut jengagerai des poursuites pour falsification de contrats.
Total, vous ne viendrez plus chez nous pas hasards...
Date de l'exp√©rience: 16 janvier 2023",1,23 janv. 2023
77,"Facture de r√©gulation
Bonjour,
Sur mon suivi de consommation gaz, ma facture de r√©gulation m'annoncait un solde en ma faveur de 74‚Ç¨ encore la semaine derni√®re et maintenant elle est √† 0‚Ç¨. J'ai donc √©crit √† Totalenergies pour avoir des explications, r√©ponse : faut pas tenir compte de cette estimation que ce n'est qu'une estimation ??? Comment est-ce possible alors que GRDF leur fournit ma consommation r√©√®lle tous les mois. J'ai donc demand√© des explications compl√©mentaires, j'ai re√ßu pour r√©ponse un copier/coller du 1er mail ! Personne n'est capable de m'expliquer pourquoi la facture est pass√©e de -74‚Ç¨ √† 0‚Ç¨ en quelques jours ... Le suivi de consommation est-il bidon ? Peut-on faire confiance aux donn√©es annonc√©es ? J'attends ma facture d√©finitive pour prendre une d√©cision !
Date de l'exp√©rience: 24 d√©cembre 2022",1,24 d√©c. 2022
78,"J‚Äôai √©t√© d√©march√© par Yamina YAICHE‚Ä¶
J‚Äôai √©t√© d√©march√© par Yamina YAICHE alors que n‚Äôavais rien demander. Cette personne m‚Äôa embrouill√© pour installer un point de recharge dans mon domicile pour au final prendre √©norm√©ment de mon temps et me dire au final que je dois payer 2000 euros de ma poche. Depuis plus de nouvelle. Bravo total pour votre manque de professionnalisme en recrutant des personnes nullll!!!! Manque de comp√©tence et de s√©rieux.
Date de l'exp√©rience: 15 septembre 2022",1,24 nov. 2022
79,"Satisfait de TotalEnergies
Je recommande TotalEnergies. Les prix sont int√©ressants (10% en moins sur le prix du gaz et de l'√©lectricit√©) et le service est de qualit√©.
Vous gagnez 20‚Ç¨ gr√¢ce √† mon code de parrainage : 105984846. Cordialement.
Date de l'exp√©rience: 19 janvier 2022",5,19 d√©c. 2022
80,"Proc√©dure d'inscription simplifi√©e, tarifs les moins chers
Inscription rapide, proc√©dure simplifi√©e √† l'extr√™me. Les tarifs sont parmi les moins chers. J'√©tais chez CDiscount Enetgie qui a revendu √† une boite inconnue Elmy qui a doubl√© les tarifs.
Date de l'exp√©rience: 06 d√©cembre 2022",5,25 d√©c. 2022
81,"Service client d√©plorable et incomp√©tent
A ne surtout pas utiliser comme fournisseur d'√©nergie !!!
J'ai changer de logement depuis 3 mois et j'ai des r√©gules depuis. On ne fait que me pr√©lever de l'argent sans nous en informer. Ils nous on pr√©lever de l'argent sans facture et je ne fais que les appeler pour avoir un remboursement mais je n'ai jamais de r√©ponse concr√®te ni d'explication par rapport √† √ßa. On doit me rappeler mais RIEN !!!!
Je vais changer de fournisseur et porter plainte parce que ce n'est pas possible d'√™tre aussi peu incomp√©tent et d'envoyer le client dans les roses quand il demande des explications !!!!
Service client tr√®s tr√®s tr√®s MAUVAIS !!
Date de l'exp√©rience: 09 d√©cembre 2022",1,9 d√©c. 2022
82,"R√©gularisation
Bonjour,
Sur mon suivi de consommation gaz, ma facture de r√©gulation de gaz m‚Äôannon√ßait un solde en ma faveur de 84‚Ç¨ je v√©rifie tout les jours sur l‚Äôapplication puis je re√ßois le ch√®que Energie de 200‚Ç¨ et la paff du jour au le lendemain je passe √† leur devoir 20 euro et 200‚Ç¨ pile d‚Äô√©lectricit√© comme par hasard ü§î Je leur √©crit pour avoir des explications, r√©ponse faut pas tenir compte de cette estimation que ce n'est qu'une estimation. Comment est-ce possible alors que GRDF leur fournit ma consommation r√©√®lle tous les mois. On me demande de faire une capture d‚Äô√©cran ben la blague si j‚Äôavoue deviner j‚Äôen aurai fait c‚Äôest un peu trop tard l√† , je surveille chaque jours la consommation j‚Äôai bien l‚Äôimpression qu‚Äôon se fait entuber grave et √† les √©couter notre foyer et toujours plus consommateur que les autres . Que faut-il faire pour savoir si il y‚Äôa arnaque ?
Date de l'exp√©rience: 24 d√©cembre 2022",1,29 d√©c. 2022
83,"Total √©nergie une multinationale‚Ä¶
Total √©nergie une multinationale incapables de nous fournir en √©lectricit√© (contrat provisoire en attente d'un contrat cadre) ou aucune r√©ponse n'est donn√© apr√®s nous avoir fait signer un contrat. Deux jours pass√© au t√©l√©phone pour au final aucune r√©ponse avec 7 num√©ro diff√©rents qui se renvoient la balle une honte absolue
Il mettent une entreprise de 5 personnes en p√©ril mais ils s'en foutent complet.
Gr√¢ce √† eux j'ai du repouss√© deux fois l'ouverture de mon magasin pour au final ne plus avoir de visu sur une date possible.
Aucune r√©ponse au mail non plus d'ailleurs !!! Une aberration pourquoi avoir accept√© un groupe comme carrefour pour au final ne pas pouvoir nous fournir !!
Date de l'exp√©rience: 13 d√©cembre 2022",1,14 d√©c. 2022
84,"A fuir
Nous sommes chez totale depuis un 2 ans je croit , √† notre ancien logement tout c est bien passer quand on souscrit ect , mais alors depuis juillet 2022 que nous avons d√©m√©nag√© c'est l enfer !!! Ils nous ont fais un contrat sans qu on le demande et quand on leur explique que c est de leur faute rien a cir√©e , je souhait√©e ouvrir que l √©lectricit√© pour nos travaux, en septembre j ai du payer 2 contrats en tout presque 400‚Ç¨ hors que notre nouveau logement le gaz √©tais couper totalement car nous du tout refaire, et depuis c est une gal√®re comme pas possible, ils nous pr√©l√®ve des somme astronomique en gaz hors nous avons rien changer √† nos habitudes, quand on les appels eux voit pas de probl√®me lol gaz +√©lectricit√© 315‚Ç¨ en d√©cembre lol je souhaiter refaire une mensualit√© pour chaque mois sa fais 2 mois qui nous ballade. C est une honte d'avoir fais un contrat sans notre consentement , de plus vu les sommes qui nous pr√©l√®ve, nous allons changer de fournisseur prochainement. C est une honte et le service client c est pire je suis totalement d√©√ßu
Date de l'exp√©rience: 09 janvier 2023",1,9 janv. 2023
85,"Service 0. Impossible d'obtenir une attestation de logement.
Impossible d'obtenir une attestation de domicile pour ma conjointe car √ßa fait ""trop de caract√®res sur la facture"" üòÇ. J'en ai vu des soci√©t√©s qui n'en ont rien √† faire de leurs clients mais je crois que l√† on touche le fond. R√©siliation en cours et rebonjour EDF.
--
En r√©ponse au message du dessous : J'ai du mal √† comprendre comment ce n'est pas ce que vous souhaitez refl√©ter alors que c'est ce que vous faites et ce m√™me en insistant 3 fois par mail j'obtiens la m√™me r√©ponse et le m√™me refus. Si c'est r√©ellement pas ce que vous cherchez √† r√©fl√™ter vous auriez essay√© de me contacter et de r√©soudre le probl√®me ce qui n'est pas le cas. Bref service client 0.
Date de l'exp√©rience: 09 d√©cembre 2022",1,Actualis√© le 12 d√©c. 2022
86,"Grosse arnaque !!
Grosse arnaque !!!
Voila 4 mois que j'ai souscrits chez total pour le gaz .... avec cette fameuse carte total en cadeau.... Malins chez total la hausse du carburant revient que je n'ai toujours pas b√©n√©fici√© de ma carte ET ses avantages .... et quand je les appelle c'est un fiasco complet tout le monde se rejette la faute et encore plus fou, ce serait de ma faute üò° ...
A croire qu'ils ne s'en mettent pas assez dans les poches
Date de l'exp√©rience: 15 novembre 2022",1,15 nov. 2022
87,"FUYEZ
J'ai souscrit un abonnement qui prenait cours le 01/12/2022. Apr√®s de nombreux appels t√©l√©phoniques au service client√®le, j'ai d√©cid√© de r√©silier mon abonnement et j'ai √©crit √† l'Association des Consommateurs Test-Achats
A EVITER - FUYEZ
Date de l'exp√©rience: 06 d√©cembre 2022",1,6 d√©c. 2022
88,"Nous sommes en litige avec vous des‚Ä¶
Nous sommes en litige avec vous des sommes demand√©es √©norme !!!!pas possible !!!plus de 7000 Euro demand√© pour une ann√©e ????des 300 euro en √©t√© ????? pour une maison de 90 m√®tre carr√© des demandes de 689 euro de mensualit√© ???? nous avons demand√© qu une personne se d√©place pour voir d o√π vient le probl√®me mais r√©ponse n√©gatif c est une honte nous avons pris RV avec l union f√©d√©ral des consommateurs car vous ne voulez pas faire le n√©cessaire les sommes demand√©es n existent pas impossible !!!!! Et nous ne comptons pas en rester l√† !!!!!c est honteux !!!!!
Date de l'exp√©rience: 26 novembre 2022",1,26 nov. 2022
89,"service client
Le service client est accessible facilement, ils r√©pondent aux questions avec professionnalisme et s'occupe des probl√®mes rapidement.
Date de l'exp√©rience: 15 d√©cembre 2022",5,6 janv. 2023
90,"Des escrocs !
Des escrocs. A fuir !
J'ai r√©sili√© mon contrat d'√©lectricit√© en stipulant qu'il n'y a personne que je ne connaisse qui reprenne l'appartement derri√®re.

Je continue encore aujourd'hui √† payer leur facture alors que je ne suis plus dans cet appartement depuis 1 mois ! 66‚Ç¨ qu'ils m'ont vol√© !

C'est la premi√®re fois qu'une telle chose m'arrive avec un fournisseur √©lectricit√©. Je vais en parler autour de moi, DU VOL !
Date de l'exp√©rience: 09 novembre 2022",1,9 nov. 2022
91,"Services client inexistant et incomp√©tent
Services client inexistant . Les personnes qui vous r√©pondent sont moins inform√© que vous sur leur entreprise . 6 mois que ma r√©gularisation ( ils doivent me rembourser bien √©videmment ) est bloqu√©e , chaque mois c est une raison diff√©rente et farfelue . Chaque mois on me dit dans 2 semaines c est fait . Et √† ce jour la personne me dit ¬´ je ne sais rien faire, et on a pas la possibilit√© de joindre les gens (de leur entreprise) qui s occupent des r√©gularisations. Des incomp√©tents. Les tarifs sont int√©ressants quand vous signer mais augmentent aussit√¥t . A fuir
Date de l'exp√©rience: 24 novembre 2022",1,24 nov. 2022
92,"Jamais eu de soucis avec eux
Jamais eu de soucis avec eux, appli tr√®s bien faite pour le suivi, et les documents. Interactif et r√©actif, rien √† dire.
Date de l'exp√©rience: 31 janvier 2022",5,9 janv. 2023
93,"Tr√®s content
Nous sommes chez total energie depuis plus de 4 ans maintenant et sommes tr√®s ravi. Vous pouvez souscrire les yeux ferm√©s m√™me si j'avoue que certains commentaires font peur. Personnellement, on a jamais eu de probl√®mes et payons moins cher par rapport o√π on etait avant. Si vous voulez souscrire n'h√©sitez pas √† utiliser mon code parrain :104816286. Vous b√©n√©ficerez de 20 euros √† la souscription aini que moi. Cordialement.
Date de l'exp√©rience: 05 novembre 2022",5,5 nov. 2022
94,"18 mois de facture apr√®s r√©siliation
J'ai continu√© de payer la facture de gaz pendant 18 mois apr√®s ma demande de r√©siliation.
La consommation √©tait pourtant nulle.
Et voil√† que directenergie refuse de me rembourser pourtant l'erreur vient d'eux.
Je suis pass√©e d'une cuisini√®re √† faz √† une cuisini√®re √©lectrique, j'ai appel√© directenergie le 18/08/21 et la r√©siliation n'a √©t√© faite que le 07/11/22. La r√©siliation n'aurait pas √©t√© prise en compte en raison d'un probl√®me technique chez eux.
Deux semaines apr√®s on me resilie l'√©lectricit√© √† tord, et je paie encore les frais de mise en service....pr√™t d'une journ√©e sans √©lectricit√©.
Et malgr√© toutes ces erreurs je ne suis pas rembours√©e....
Date de l'exp√©rience: 25 novembre 2022",1,3 d√©c. 2022
95,"J'aime beaucoup l'application qui me‚Ä¶
J'aime beaucoup l'application qui me renseigne quotidiennement de mes d√©penses √©nerg√©tiques.
Date de l'exp√©rience: 15 janvier 2023",4,15 janv. 2023
96,"Totalenergies : Ne respecte pas ses engagements
Totalenergies n'a aucun respect pour ses clients. Ayant souscrit une offre online √©lectricit√© en ao√ªt 2021 incluant une r√©duction de 10 % qui est pass√© √† 7 % 5 mois apr√®s. le 24/11/2022 j'ai re√ßu un courriel (dans les spam) qui m'indique que cette r√©duction sera de 0 % au 1er janvier 2023 !!! TOTAL √âNERGIE n'a aucun respect de l'engagement contractuel et de ses clients ! Si l'on ajoute un abonnement plus cher que chez EDF et une application m√©diocre du suivi de consommation, il n'y a aucun avantage √† rester chez totaleneergies et contribuer √† ce que ce fournisseur g√©n√®re toujours plus de profits au d√©triment de ses clients et de l'Etat. A fuir !!!!!!!! client 111038870 -
Date de l'exp√©rience: 24 novembre 2022",1,5 d√©c. 2022
97,"Bonne exp√©rience
Les tarifs sont les plus attractifs du march√©. Les op√©rateurs r√©pondent rapidement au t√©l√©phone et sont r√©actifs. Pour b√©n√©ficier du parrainage et de la remise de 20‚Ç¨ (voici mon code parrain 113194417) , il faut souscrire par t√©l√©phone. Changement de fournisseur en toute transparence. Attention toutefois √† l'assurance ""assistance technicien √† domicile"" payante qui m'a √©t√© incluse par d√©faut dans l'offre alors que je ne l'avais pas demand√©e.
Date de l'exp√©rience: 04 novembre 2022",4,4 nov. 2022
98,"Mauvaise foi et aucune consid√©ration
J avais 2 contrats chez eux (en attendant la vente d'une de mes maisons), ils m'ont coup√© le compteur sans aucune demande de ma part (sachant que j'habite en Auvergne et que les grands froids arrivent)... aucun recours... aucune consid√©ration...
Et bien s√ªr, il me demandait des frais de remise en service si je voulais faire remettre le compteur.
J'ai demand√© √† ce qu'ils √©coutent les conversations enregistr√©es lors de mes appels, mais rien a √©t√© fait.
Je vais arr√™ter mon 2√®me contrat chez eux.
Date de l'exp√©rience: 02 novembre 2022",1,9 nov. 2022
99,"Dommage qu'il y ait toujours un‚Ä¶
Dommage qu'il y ait toujours un d√©calage de 2 ou 3 jours, voir plus dans le suivi de consommation.
Date de l'exp√©rience: 14 janvier 2023",4,14 janv. 2023
100,"Satisfait du service client
Le service client de Total Energies est tr√®s r√©actif, ils r√©pondent rapidement aux mails et au t√©l√©phone et ils ont pu efficacement r√©soudre le probl√®me de blocage caus√© par la r√©siliation de mon pr√©c√©dant fournisseur.
Date de l'exp√©rience: 02 d√©cembre 2022",5,3 d√©c. 2022
101,"Extr√™mement d√©√ßue de TotalEnergie
Extr√™mement d√©√ßue de TotalEnergie.
Depuis 9 mois mes consommations sont estim√©es, je l'ai remarqu√©e seule. Si je n'avais pas pris la peine de leur faire part de cela, ils n'auraient rien fait (bien que rien de concret n'a √©t√© fait, jusqu'√† ce jour).
Toutes les semaines, je passe plusieurs heures au t√©l√©phone pour r√©soudre le probl√®me, en vain. Les interlocuteurs ne communiquent pas les m√™mes informations, ne savent pas qui fait quoi, nous envoient de service en service, rejettent la faute sur leurs coll√®gues, me disent d'envoyer mes index mais finalement ne font rien avec, me demande de finalement faire les transmissions aupr√®s d'Enedis or que cela rel√®ve de leur fonction, etc.
A part s'excuser, ils ne font rien.
Date de l'exp√©rience: 07 d√©cembre 2022",1,7 d√©c. 2022
102,"SERVICE CLIENT NULLISSIME
INCROYABLE TOTAL ENERGIE PAYE UN AGENT POUR REPONDRE AUX MECONTENTS :

""Je comprend votre m√©contentement. TotalEnergies est tr√®s attach√© √† la qualit√© de ses services et √† la satisfaction de ses clients. Je vous pr√©sente toutes nos excuses concernant cette situation qui ne refl√®te en rien notre professionnalisme.""

SELON TRUST PILOTES 45 % ONT DONNE 5 ETOILES 13 % ONT DONNE 4 ETOILES ET 38 % ONT DONNE UNE ETOILE CAR ILS N'ONT PAS PU METTRE ZERO ETOILE.
1¬∞) LORSQUE ON REGARDE LES GENS QUI ONT MIS 5 OU 4 ETOILES CE SONT DES PERSONNES QUI DECLARENT QUE TOUT S' EST BIEN PASSE : OUF ILS ONT EU CHAUD TANT MIEUX POUR EUX.
MAIS PERSONNELLEMENT JE NE METS PAS 5 OU 4 √âTOILES A QUI A FAIT SIMPLEMENT SON TRAVAIL. AUCUN MERITE.
2¬∞) 38 % DE MECONTENTS PLUS DU TIERS
ET TOTALENERGIE VIENT NOUS PARLER QUE LEURS AGENTS ONT UN COMPORTEMENT PROFESSIONNEL

NON NON ET NON LE SERVICE CLIENT N' A AUCUN SENS DU PROFESSIONNALISME TOTALENERGIE EST PIRE QUE L'ADMINISTRATION INCAPABLE DE REPONDRE AUX BESOINS DES USAGERS
Date de l'exp√©rience: 27 d√©cembre 2022",1,2 janv. 2023
103,"Par contre j'ai parl√© √† un‚Ä¶moi
Par contre j'ai parl√© √† un collaborateur, il a √©t√© d'une patience incroyable... Merci monsieur Olivier d'avoir totalement √©clair√© ma lanterne.
Date de l'exp√©rience: 29 d√©cembre 2022",5,29 d√©c. 2022
104,"√Ä fuir
TotalEnergies est une supermajor du secteur des √©nergies fossiles qui couvre l'ensemble de la cha√Æne p√©troli√®re et gazi√®re. Elle est responsable de graves violations des droits de l'homme et de l'environnement, notamment en ce qui concerne l'ol√©oduc EACOP (East African Crude Oil Pipeline). Total fait face √† l'opposition de la soci√©t√© civile africaine et internationale et des groupes de justice environnementale pour ce projet destructeur et ses pratiques de greenwashing.
Date de l'exp√©rience: 27 octobre 2022",2,27 oct. 2022
105,"Souscription nouvel contrat √©lectrique et gaz
La souscription s‚Äôest faite tr√®s rapidement et les contacts ont √©t√© tr√®s cordiaux, interlocuteur tr√®s sympas et tr√®s professionnel, prix des √©nergies plus bas du march√© merci total √©nergie
Date de l'exp√©rience: 12 d√©cembre 2022",5,12 d√©c. 2022
106,"Publicit√© mensong√®re sur bonus 40 euros.
Service client Total √©nergie n arrive pas depuis 3 mois √† valider les 40 euros de bonus promis lors de mon adh√©sion fin juin √† un contrat √©lectricit√©, mis en place le 15 juillet. Impossible d avoir 40 euros sur ma carte clubs total, malgr√© des dizaines de mails et appels t√©l√©phoniques.
Publicit√© mensong√®re sur cette proposition.
Date de l'exp√©rience: 15 juillet 2022",1,23 oct. 2022
107,"D√©but d√©cembre j‚Äôai eu une personne‚Ä¶
D√©but d√©cembre j‚Äôai eu une personne concernant ma consommation et j‚Äôai eu tous les bons geste √† pratiquer que je mettais d√©j√† √† contributions
Date de l'exp√©rience: 07 d√©cembre 2022",5,29 d√©c. 2022
108,"Je suis en attente d'un remboursement‚Ä¶
Je suis en attente d'un remboursement de plus de 1600‚Ç¨ depuis le mois d'ao√ªt. Je suis furieux de voir √† quel point nous avons √† faire √† des charlatans.
A fuire, aucune r√©ponse seulement un plateau t√©l√©phonique √† l'autre bout du monde.
Date de l'exp√©rience: 21 novembre 2022",1,21 nov. 2022
109,"Appli brouillonne et conseillers incomp√©tents
Mon suivi consommation mensuel s est arr√™t√© depuis plus de un mois sans raison. En chattant avec des conseillers on me dit de prendre une photo du probl√®me puis d attendre et enfin c est le consentement de suivi qui ne dure qu un an. √áa bug au bout de 13 mois allez comprendre.
Bref tant que √ßa marche c est ok mais il ne faut pas avoir de souci.
Aussi les - 10% de remise qui disparaissent comme par magie via un e-mail..trop facile!
Enfin l appli brouillon qui est inutilisable depuis l √©tranger.
Le site n est pas √† la hauteur et les conseillers que j‚Äôai eu non plus.
Un client d√©√ßu de plus.
√áa avait pourtant bien commenc√©.

R√©ponse de Ludovic de totalenergie sans int√©r√™t. Aucune solution ni explication √† mon probl√®me. R√©ponse automatique sans contenu, digne d‚Äôun chatbot.
Bref le service client totalenergie est un mur infranchissable.
Affaire √† suivre ( ou pas!)
Date de l'exp√©rience: 19 d√©cembre 2022",2,Actualis√© le 28 d√©c. 2022
110,"Total energies a r√©sili√© √† tort notre‚Ä¶
Total energies a r√©sili√© √† tort notre abonnement ! Le temps de les rappeler et qu'ils demandent √† ENEDIS de r√©tablir la situation il s'est pass√© une journ√©e ou nous n'avons pas eu d'√©lectricit√©. De plus, des frais de remise en service nous ont √©t√© factur√©s, il a fallut insister pour avoir le remboursement. A ma demande de d√©dommagement, il nous a d'abord √©t√© r√©pondu que le service concern√© allait revenir vers nous sous une semaine, premier rappel de notre part : ""c'est en cours il faut attendre 1 semaine encore"", deuxi√®me rappel de notre part : ah ben maintenant il faut envoyer des preuves comme quoi nous avons bien √©t√© coup√©s !!!
Le service client est d√©plorable ! on dirait qu'ils le font expr√®s pour que les clients partent. Je d√©conseille fortement.
Date de l'exp√©rience: 09 novembre 2022",1,7 d√©c. 2022
111,"Fuyez
Fuyez! 2 ans de probl√®mes (sur facturation), le prix du kwh qui augmentent de 0.17cts sans nous pr√©venir. Le service client, j‚Äôai jamais vu des gens aussi incomp√©tents et qui surtout, r√©pondent √† tout sauf √† tes questions. Ils nous maintiennent que la consommation indiqu√©e sur l‚Äôapplication est une consommation estim√©e alors qu‚Äôil est not√© en gros ¬´ CONSOMMATION R√âELLE ¬ª. Sur l‚Äôapplication, consommation r√©elle 85‚Ç¨, mais sur le site, consommation r√©elle 192‚Ç¨, tout √ßa sur le m√™me mois. Et quand on les contacte, c‚Äôest : ¬´ non mais il y a le prix de l‚Äôabonnement √† rajouter ¬ª. Donc 15‚Ç¨+85‚Ç¨=192‚Ç¨‚Ä¶ on a pas dut avoir les m√™mes cours de math√©matiques‚Ä¶
En bref, de beaux charlatans!
Date de l'exp√©rience: 22 novembre 2022",1,22 nov. 2022
112,"satisfaction l'appli fonctionne tr√®s‚Ä¶
satisfaction l'appli fonctionne tr√®s bien contente de total √©nergie ses clair et net
Date de l'exp√©rience: 14 juillet 2022",5,14 janv. 2023
113,"Que de probl√®mes pour une si grosse bo√Æte
Retard √† la souscription : demande effectu√©e le 14/9 et activation seulement le 23/10. Donc je vais avoir une facture sal√©e chez mon ancien fournisseur √† cause de Total √ânergies.
Depuis probl√®me sur la mise en place du tarif HC HP : pas de signal envoy√© et le chauffe eau ne d√©clenche pas automatiquement la nuit.
Impossible d'acc√©der √† l'application : mon dossier est indiqu√© comme √©tant toujours en cours d'instruction. Pas de remont√©es des statistiques de consommation. Un support par t√©l√©phone √† la ramasse compl√®tement d√©connect√© : ils n'en savent pas plus que moi. Nul : y a pas d'autres mots qui me viennent.
Date de l'exp√©rience: 23 octobre 2022",1,4 nov. 2022
114,"Divers outils pratiques offerts par cette soci√©t√©
Facture claire. Pr√©l√®vements mensuels pratiques. Proposition d'augmentation logique. Application android pas encore au top. Le relev√© quotidien demande une manipulation d'accord qui se r√©p√®te √† l'infini. Sinon, soci√©t√© qui fait le job dans un contexte compliqu√©.
Date de l'exp√©rience: 22 octobre 2022",4,22 oct. 2022
115,"ATTENTION ! FAUX AVIS POSITIFS / Bug application
La majorit√© des avis positifs sont laiss√©s ici par des chasseurs de parrainage en qu√™te de quelques euros... c'est pitoyable.
Merci de sectionner des VRAIS AVIS de consommateurs et pas des vautours a la recherche d'argent facile...

Personnellement je suis client chez eux pour Gaz + √©lectricit√©, au niveau tarif et fourniture √©nergie c'est ok. Par contre impossible d'avoir un suivi journalier gaz qui ne marche pas ! le SAV demande de patienter depuis des semaines. E je ne suis pas le seul..
Y a t il un professionnel dans cette entreprise qui peut regler ce dysfonctionnement?? (et pas se contenter de dire ""patientez""). merci
Date de l'exp√©rience: 23 octobre 2022",2,23 oct. 2022
116,"Service client d√©plorable
Service client d√©plorable. J'avais souscris chez total direct energie en 2018 et d√©j√†, le service client n'√©tait pas transparent et des frais √©taient appliqu√©es sans raison apparente. Un technicien nous dit quelque chose un jour, le jour d'apr√®s un autre technicien dira son contraire.

Je viens de nouveau de souscrire chez eux car tarif bas et voil√† encore un soucis. Une demande express est effectu√©e o√π je paie un suppl√©ment de plus de + 60‚Ç¨. Technicien cens√© rappel√© dans les 24 √† 48h.
Aucun appel, ils refont une demande express.
√ßa dure comme √ßa depuis 1 semaine.

Ce qui n'est pas logique c'est pourquoi payer et offfrir un service express si derni√®re ce n'est que du vent ?

Je ne recommande pas du tout surtout au niveau du service client.
Technicien de souscription qui parle gentiment car l'appel est enregistr√© mais qui raccroche lorsqu'il doit transf√©rer l'appel au commercial.

Vraiment d√©plorable.
Date de l'exp√©rience: 12 d√©cembre 2022",1,15 d√©c. 2022
117,"Fuyez le service clients est d√©plorable
Fuyez le service clients est d√©plorable
Cela fait plusieurs mois que j'essaie de r√©gler un probl√®me avec une cl√© conso live
Aucune consid√©ration des clients aucune r√©ponse malgr√© de nombreuses relances
C'est lamentable
Date de l'exp√©rience: 07 novembre 2022",1,7 nov. 2022
118,"Satisfait
Satisfait
J'ai souscrit un contrat d'√©lectricit√© chez ce fournisseur d'√©nergie.
L'inscription est simple et rapide et aucun soucis depuis.
Vous Vous gagnerez 20‚Ç¨ en rentrant ce code parrainage : 111814675
Date de l'exp√©rience: 01 novembre 2022",5,16 nov. 2022
119,"√Ä fuir, on ignore mes demandes d‚Äôassistance !
Je ne peux pas acc√©der √† la communaut√© des √©claireurs : communaute-les-eclaireurs.totalenergies.fr j‚Äôai un message comme quoi mon compte utilisateur a √©t√© d√©sactiv√©.
Apr√®s plusieurs prises de contact avec le service client TotalEnergies, on m‚Äôinvite √† √©crire √† des adresses e-mails fant√¥mes parce que cette communaut√© n‚Äôest pas g√©r√©e par TotalEnergies mais par une soci√©t√© prestataire. Toujours aucune r√©ponse pour d√©bloquer mon compte malgr√© mes nombreuses relances par e-mail, c‚Äôest honteux d‚Äôignorer les demandes des clients et de ne fournir aucun support ! Je suis priv√© d‚Äôun service et c‚Äôest tr√®s frustrant, je ne recommande vraiment pas ce fournisseur, √† fuir !
Date de l'exp√©rience: 18 mai 2022",1,30 oct. 2022
120,"Total energie a fuir service clients‚Ä¶
Total energie a fuir service clients inexistant,beaucoup d'excuse mais rien ne bouge, leur site jamais √† jour ce sont des guignols bien en pay√© les clients ne sont en pas leur priorit√© fuyer cette entreprise incompetente
Date de l'exp√©rience: 25 octobre 2022",1,25 oct. 2022
121,"Alors ..
Alors ... Apr√®s avoir emmerd√© la France enti√®re pendant des semaines pour vous plaindre de vos ""maigres salaires"" (honteux quand on gagne autant !!), je n'appr√©cie pas du tout le courrier re√ßu cette semaine concernant les restrictions √©nerg√©tiques !!! Non mais quel culot ces intrusions dans nos vies pour voir si on consomme plus ou moins que l'hiver dernier, et ces menaces de taxes suppl√©mentaires si ce n'est pas le cas !!! De quoi je me m√™le ??? Je fais ce que je veux CHEZ MOI !!! Apr√®s les confinements, couvre-feus, interdictions en tout genre, attestations, pass sanitaire, vaccinal, restrictions d'eau, √† combien de douches on a droit, √† quelle heure on doit arroser son pot de fleurs, comment on doit faire cuire ses p√¢tes, STOP !!! Rien √† faire de vos menaces,
fichez nous la paix !!! Et je vais contr√¥ler mes prochaines factures de tr√®s pr√®s suite √† votre courrier ... √Ä suivre !
Date de l'exp√©rience: 07 d√©cembre 2022",1,Actualis√© le 14 d√©c. 2022
122,"J'√©tais parti mais je reviens
J'√©tais parti mais je reviens. Ils sont constants dans leur politique de prix et commerciale, je resterait tant que cela durera, quitte √† payer un peu plus cher.
Le gros point positif : Accessible au t√©l√©phone
Date de l'exp√©rience: 02 novembre 2022",5,2 nov. 2022
123,"Incomp√©tence administrative +++ a fuir
J‚Äôai eu une coupure d‚Äô√©lectricit√© dans ma ville! Suite √† cette coupure, j‚Äôai mon frigo qui a √©t√© d√©t√©rior√©! Je dois lancer une proc√©dure aupr√®s de mon assureur! Total √©nergie est incapable de me fournir les papiers n√©cessaire ! √áa fait 3 semaines que j‚Äôappelle pour la m√™me r√©clamation‚Ä¶ je vais changer de fournisseur parce que c‚Äôest juste plus possible.

Ma r√©ponse : C‚Äôest mon fournisseur d‚Äôacc√®s √† l‚Äô√©lectricit√© qui doit adresser la demande √† Enedis et non pas moi. Enedis n‚Äôenregistre aucune demande de particulier. √áa aussi je dois vous l‚Äôapprendre ?
En cas de sinistre totalenergie vous compliquera la vie.
Au lieu de r√©pondre √† mon avis, √âmilie vous pouvez me contacter afin que j‚Äôobtienne ce papier svp.
Date de l'exp√©rience: 28 octobre 2022",1,Actualis√© le 3 nov. 2022
124,"Rien √† signaler
Rien √† signaler, sauf l'alignement tarifaire pour l'√©lectricit√©, o√π reste l‚Äôint√©r√™t ?
Date de l'exp√©rience: 10 janvier 2023",4,10 janv. 2023
125,"je recommande
je suis inform√©e tous les mois de ma consommation, j'ai des conseils, les tarifs ne s'envolent pas : je suis contente
Date de l'exp√©rience: 26 d√©cembre 2022",5,26 d√©c. 2022
126,"satisfaisant
Le suivi de la consommation mensuelle est appr√©ciable ainsi que l'adaptation des pr√©l√®vements √† la consommation.
Date de l'exp√©rience: 29 d√©cembre 2022",4,29 d√©c. 2022
127,"Informations √©tonn√©es, non fiable... A fuir !
J'ai re√ßu un mail avec les nouvelles conditions applicables pour le service Conso Live. Ce n'est pas clair du tout, j'ai pens√© que ma cl√© Conso Live allait devenir payante 2 ‚Ç¨ par mois √† partir de novembre 2022. Je les contacts, la personne me confirme cela et du coup je r√©silie l'option. Aujourd'hui je rappel car re√ßu aucun mail de confirmation ni de mail de proc√©dure pour renvoyer la cl√©... et la SURPRISE le conseiller me dit mais non pour vous c'est GRATUIT votre cl√© date d'Avril 2021....
Du coup je demande √† remettre l'option mais on me dit c'est plus possible... C'est vraiment malhonn√™te, aucune info s√©rieuse, service client qui se moque compl√®tement de ses clients. 3 contrats chez eux qui vont vite partir √† la concurrence...
Date de l'exp√©rience: 26 octobre 2022",1,27 oct. 2022
128,"Connexion
L‚Äôapplication n‚Äôest pas toujours disponible et il faut tr√®s souvent s‚Äôidentifier √† nouveau.
Date de l'exp√©rience: 05 janvier 2023",4,5 janv. 2023
129,"Efficacit√© du service abonnement et conseils appr√©ciables !
Un interlocuteur √† notre √©coute qui nous a conseill√© correctement en fonction de nos besoins. Nous avons √©t√© parrain√© par un membre de notre famille. Tout le monde y trouve son compte !
Date de l'exp√©rience: 04 novembre 2022",4,7 nov. 2022
130,"Satisfaction totale
Parfait - J'appr√©cie particuli√®rement la communication r√©guli√®re de mon bilan de consommation
Date de l'exp√©rience: 05 janvier 2023",5,5 janv. 2023
131,"Un bilan mensuel Year to Year facile √† comparer
Un bilan mensuel Year to Year, permettant de suivre sa consommation et de la comparer, un remboursement imm√©diat en fin d'ann√©e sur le pr√©visionnel - la consommation r√©elle. Tr√®s bon fournisseur.
Date de l'exp√©rience: 22 octobre 2022",5,22 oct. 2022
132,"Tarifs comp√©titifs pour particuliers
Tarifs comp√©titifs , application pratique et utile pour le suivi de consommation.
Date de l'exp√©rience: 31 d√©cembre 2022",5,8 janv. 2023
133,"Croisons les doigts
La personne que j'ai eu est accueillante et comp√©tente , ce qui √† confort√© mon choix de souscrire chez totalenergies. Pourvu que √ßa dure .
Date de l'exp√©rience: 01 d√©cembre 2022",5,9 d√©c. 2022
134,"Le service rendu est excellent et je‚Ä¶
Le service rendu est excellent et je trouve que mes factures on consid√©rablement baisser par rapport a EDF qui me massacrai
Date de l'exp√©rience: 19 d√©cembre 2022",5,19 d√©c. 2022
135,"BREAKE NEWS !!! LUDOVIC a √©t√© d√©branch√© !
BREAKE NEWS !!! LUDOVIC a √©t√© d√©branch√© !

Pauvre Ludo, conseiller robot qui ne peut plus faire les m√™mes r√©pliques, m√™mes r√©pliques, m√™mes r√©pliques, ‚Ä¶

Remplac√© par STEPHANIE, ¬´ Conseill√®re ¬ª experte en solutions efficaces qui invitent les clients :
- √† bien relire leur contrat (parce que le vrai probl√®me vient de leur absence de compr√©hension),
- ou √† se rapprocher directement du Service Client pour trouver une solution √† votre probl√©matique.

Ben oui, bande de nuls ! Vous n‚Äôavez pas pens√© √† vous rapprocher du service Client !

H√© ben si, ma pauvre St√©phanie‚Ä¶ 3 fois ‚Ä¶ pour s‚Äôentendre lire le m√™me argumentaire t√©l√©phonique qui ignore votre question et vous envoie balader sur une ton hautain.

Lorsque j‚Äôai √©crit pr√©c√©demment ¬´ Rien que devant ce message, consid√©rez que TOTALENERGIES vous prend pour des quiches ! ¬ª

Dialogue de sourds‚Ä¶

Je profite des ces lignes pour m‚Äôinterroger.

Sur les avis des personnes soudainement super contentes de Total Energie et qui en font m√™me la publicit√© ‚Ä¶ trolls ou cas de masochisme ?
Il suffit de lire la presse sur l'actualit√© de Total Energies.

Sur les avis des personnes qui donnent des √©toiles et qui se plaignent dans leurs commentaires ????
Cela serait risible si la moyenne des √©toiles ne s‚Äôen trouvait pas modifi√©e.

Derni√®re chose :
Bonne journ√©e St√©phanie !
Bonne journ√©e St√©phanie !

Oui‚Ä¶ 2 fois comme dans son message ‚Ä¶ √ßa doit √™tre un usage interne √† la soci√©t√©‚Ä¶
Date de l'exp√©rience: 09 janvier 2023",1,10 janv. 2023
136,"Sactisfaction globale correcte
Sactisfaction globale correcte. Le suivi mensuel de conso est utile, m√™me si parfois un peu d√©routant de voir les chiffres d'un mois sur l'autre bondir sans explications...
Date de l'exp√©rience: 08 novembre 2022",4,8 nov. 2022
137,"Tr√®s bon fournisseur d'√©nergie
Nous sommes au tout √©lectrique et j'avoue que depuis que notre fournisseur est TotalEnergies nous appr√©cions de faire des √©conomies par rapport au fournisseur historique.
Date de l'exp√©rience: 09 novembre 2022",5,9 nov. 2022
138,"Mal fournisseur.
Mal fournisseur.. je conseille que jamais perdre contra de total energy fournisseur charge beaucoup apr√®s fin de ann√©e üò°üò°üò°üò°üò°üò°üò°üò° mal experience
Date de l'exp√©rience: 24 novembre 2022",1,24 nov. 2022
139,"Aucune exp√©rience
Aucune exp√©rience, juste la nostalgie d‚Äôavoir pass√© 40 ann√©e de vie professionnelle dans un environnement exceptionnel. Elf d‚Äôabord, puis Total ensuite.
Date de l'exp√©rience: 23 novembre 2022",5,23 nov. 2022
140,"code parain 104420856
Bonjour,

Je suis compl√®tement satisfait du service total √©nergie.
Voici mon code parain si vous voulez profiter de 20 ‚Ç¨ sur votre premi√®re facture.

104420856

Bonne souscription.
Date de l'exp√©rience: 24 octobre 2022",5,24 oct. 2022
141,"pour moi excellent service
pour moi excellent service, toujours bien inform√©, et conseill√©
Date de l'exp√©rience: 02 janvier 2023",4,14 janv. 2023
142,"Souscription de contrat par t√©l√©phone.Demande de souscription facile et‚Ä¶
Demande de souscription facile et p√©dagogique.
Date de l'exp√©rience: 18 janvier 2023",5,19 janv. 2023
143,"Service client d√©plorable
Cliente chez total √©nergie depuis pr√®s de deux ans pour ses tarifs qui restent concurrentiels, je vais toutefois changer de fournisseur √† cause de leur service client et du manque de transparence dans le suivi des contrats. En effet, je me suis aper√ßue que Total √©nergie continuait de me pr√©lever l'abonnement et les frais pour un contrat sans aucune consommation dont j'avais demand√© la cl√¥ture il y a un an. La r√©ponse du service client a √©t√© qu'ils n'avaient pas trace de notre demande de cl√¥ture et qu'il n'y aurait aucun remboursement. Ils ont pourtant bien not√© l'ouverture d'un autre compte pour la m√™me adresse qui avait √©t√© demand√© en m√™me temps et qui g√©n√®re une autre facturation. Dans tous les cas, ils ont un devoir d'information aupr√®s d'un client qui paie un abonnement pour un compte qui affiche z√©ro consommation depuis plusieurs mois. Bien entendu aucun remboursement ou geste commercial n'a √©t√© propos√©. Je vais donc saisir le m√©diateur de l'√©nergie et changer d'op√©rateur.
Date de l'exp√©rience: 22 novembre 2022",1,1 d√©c. 2022
144,"Probl√®me carte de fid√©lit√©
Bonjour,
Titulaire d'un contrat chez TE depuis quelques ann√©es, j'ai effectu√© mon d√©m√©nagement en septembre 2022 √† Viry-Ch√¢tillon.
Les agents m'ont m√™me propos√© la carte de fid√©lit√© avec un cr√©dit de 40‚Ç¨ mais que je n'ai toujours pas vu la couleur. Par contre on me ballade de service en service, on me demande de contacter le service Club, chose que j'ai fait il y a environ 2/3 semaines et ne trouve rien et me redemande de revenir vers vous. Par la suite j'ai √©chang√© avec une personne qui devait me recontacter mais aucune nouvelles. Aujourd'hui je recontacte le service client, on me confirme que je suis bien √©ligible √† la carte de fid√©lit√© avec les 40‚Ç¨ de cr√©dit et on me demande de recontacter le service Club !
C'est agr√©able d'√™tre une grande soci√©t√© mais √† la fois dommage d'avoir plusieurs services ne sachant pas communiquer, laisser aucuns commentaires sur le dossier client !
Vous vous amusez seulement √† nous balader.
Tr√®s d√©√ßu d'√™tre chez vous ! Vous faites uniquement des promesses.
Pour qui prenez-vous le client ?
Date de l'exp√©rience: 07 d√©cembre 2022",1,7 d√©c. 2022
145,"Pour le moment aucun soucis
Pour le moment aucun soucis , √† part avec l'application de temps en temps
Date de l'exp√©rience: 08 janvier 2023",5,8 janv. 2023
146,"Tout est bien clair
Tout est bien clair, l'application, internet...ce qui permet un meilleurs suivie.
Date de l'exp√©rience: 04 janvier 2023",4,4 janv. 2023
147,"Tr√®s bon accueil toutes les personnes‚Ä¶
Tr√®s bon accueil toutes les personnes de Total √©nergie sont tr√®s comp√©tents et tr√®s professionnel tout est trait√© tr√®s vite je recommande fortement
Date de l'exp√©rience: 17 novembre 2022",5,19 nov. 2022
148,"Arnaqu√© de 2700‚Ç¨ (en deux mois) : fuyez !
En septembre, je suis pr√©lev√© de 260‚Ç¨ pour un mois d'√©lectricit√© (au lieu de 30‚Ç¨ habituellement - pour un 40m2). J'envoie mon premier courrier le 23 septembre.

R√©ponse du service client :
""De ce fait, je vous invite √† patienter. Le pr√©l√®vement de 260 ‚Ç¨ sera d√©duit de votre facture de solde d'√©lectricit√© pr√©vue pour le 4 ao√ªt 2023.""

Vous avez bien lu. Le remboursement aura donc lieu dans... 1 an.

Soit! Je prendrai mon mal en patience...

Le 24 octobre, je suis pr√©lev√© de 2 506,07‚Ç¨. Vous avez bien lu, plus de 2 500‚Ç¨ !!

Je contacte imm√©diatement le service client qui ne peut ""rien faire fasse √† cette erreur"". Ils me sugg√®rent de faire opposition, ce que je fais.

Et depuis, plus aucune nouvelle, malgr√© mes relances. On me renvoie de service en service, me demandant au total 3 fois une photo de ma rel√®ve.

Je ne suis visiblement pas le seul √† √™tre victime de TotalEnergies.

Un conseil : fuyez.

Si vous √™tes d√©j√† victime : conservez bien tous les documents (privil√©giez les traces √©crites) pour saisir un juge de proximit√©.
Date de l'exp√©rience: 02 d√©cembre 2022",1,4 d√©c. 2022
149,"CE SONT DES VOLEURS
Ce sont des voleurs, ils vous proposent un contrat √©nergie verte √† prix fixe 50 EUROS pendant un an. J'ai souscrit ce contrat en octobre 2021 pour mon appart de 40m2. Jusqu'en janvier, il pr√©levait 50 euros, en f√©vrier ils sont pass√©s √† 68 EUROS et en avril ils m'annoncent que c'est maintenant 106 euros. √Ä partir de l√†, j'ai r√©sili√© mon contrat, ils disent que je dois 400 EUROS DE r√©gule alors que j'ai r√©sili√© mon contrat en avril quand ils ont annonc√© le pr√©l√®vement de 106 euros. On ne peut pas proposer un contrat d'√©nergie verte √† prix fixe pour l'augmenter selon leur moyen. Dieu merci j'ai bloqu√© tout leur pr√©l√®vement et je ne compte pas payer leurs 400 EUROS‚ÄØ; ayez toujours le r√©flexe de telecharger votre contrat, votre consommation et vos factures ou il est mentionn√© le contrat. Parce qu'une fois en conflit avec eux, ils enl√®vent votre contrat de votre espace client pour que vous ne puissez pas les confronter devant la justice.
Date de l'exp√©rience: 17 novembre 2022",1,17 nov. 2022
150,"satisfaction de mon abonnement
je suis satisfaite de mon abonnement, de mon contrat, des services en lien avec le contr√¥le de la consommation, le service client√®le est tr√®s facilement joignable
Date de l'exp√©rience: 28 octobre 2022",5,28 oct. 2022
151,"√âchange t√©l√©phonique
Contact tr√®s sympa avec le conseiller
Date de l'exp√©rience: 20 janvier 2023",5,22 janv. 2023
152,"Excellent suivi √† distance
Excellent suivi √† distance. Pas de mauvaise surprise sur ma consommation d'√©nergie.
Date de l'exp√©rience: 02 janvier 2023",5,2 janv. 2023
153,"Totale energie se sert dans votre compte
R√©ponse de la r√©ponse : si vous le d√Ætes.

Totale me pr√©l√®ve sans prevenir, des sommes de recallages qui n'apparaissent nulle part avant le pr√©l√®vement.

Des e-factures fantomes n'existent pas (capture d'ecran sur demande dispo)

En fait Total joue sur le d√©callage des infos en permanence, et vous ne disposez jamais de la v√©ritable information pour prendre une d√©cision et/ou r√©agir.

En bref si vous ne v√©rifiez pas en permanence ce qu'il se passe, il se servent litt√©ralement.
Et ensuite c'est √† vous de passer un temps fou √† les recontacter pour tenter de r√©tablir des chiffres r√©alistes de pr√©l√®v. car leur interface ne fonctionne √©videment pas (ou renvoi des infos incoh√©rentes)

etc ... total energie une gal√®re de chaque instant qui finit par trouver une issu si vous trouvez la force et la patience de jouer au plus idiot avec eux... mais si vous laissez courir c'est votre compe qui est pilli√©
Date de l'exp√©rience: 25 octobre 2022",2,Actualis√© le 27 oct. 2022
154,"6 mois pour une r√©siliation
6 mois pour une r√©siliation et j'attends depuis des mois pour avoir mon remboursement.

Un service plus que m√©diocre pour une compagnie de cette taille...
Date de l'exp√©rience: 24 octobre 2022",1,24 oct. 2022
155,"Voleur
Voleur, ne surtout pas enrichir ce genre d'entreprise qui d√©truit le monde !
Date de l'exp√©rience: 03 janvier 2023",1,3 janv. 2023
156,"Explications claires
Explications claires, mais TR√àS mauvaise qualit√© de le communication, oblig√© de faire r√©p√©ter mon interlocuteur, c'est p√©nible.
Date de l'exp√©rience: 21 novembre 2022",4,23 nov. 2022
157,"Fuyez !!!
Fuyez !!!
Service client nul !!!
Ils pr√©l√®vent davantage que la consommation et j‚Äôattend toujours qu‚Äôils me remboursent.
Ils sont bon qu‚Äô√† pr√©lever
Date de l'exp√©rience: 27 octobre 2022",1,27 oct. 2022
158,"Bon tarif
Bon tarif, installation du syst√®me domotique Wiser offerte et super qualit√©. Application fonctionne bien.
Date de l'exp√©rience: 13 d√©cembre 2022",5,13 d√©c. 2022
159,"Je suis satisfaite
Je suis satisfaite, tr√®s bien
Date de l'exp√©rience: 23 janvier 2023",5,23 janv. 2023
160,"Par tchat le service est clairement‚Ä¶
Par tchat le service est clairement catastrophique !!!!
Date de l'exp√©rience: 29 d√©cembre 2022",1,12 janv. 2023
161,"Des voleurs des voleurs tout simplement‚Ä¶
Des voleurs des voleurs tout simplement mes paiements sont √† jours et me r√®glement une facture impay√©s honte √† vous
Date de l'exp√©rience: 29 novembre 2022",1,29 nov. 2022
162,"Full marketing pour se remplir les poches au d√©triment d'EDF
Bonjour,
Il y a cela plusieurs mois, j'ai √©t√© contact√© par t√©l√©phone (D√©marchage t√©l√©phonique) pour me proposer une offre, avec, vous savez les -2‚Ç¨ sur le MWh blabla (un truc du genre),
Elle me proposa un rabais de 30% sur ma facture par rapport √† EDF, une aubaine pendant ces temps ch√®re et pour un √©tudiant.
N'h√©sitant pas √† mentir, tant qu'elle ram√®ne un nouveau client!
J'ai quand m√™me souscrit (pour raison d'argent) mais quelques mois plus tard je voulais d√©j√† retourner chez EDF, et j'ai bien fais.
TotalEnergie pour r√©sumer, c'est ne pas h√©siter √† mentir lors des appels, pour arracher les client √† EDF, pour qu'une fois une flamb√©e des prix des √ânergies, exploser les factures pour refourguer leurs clients qui ne veulent (ou peuvent) pas payer, √† EDF, revendant ainsi leurs surplus d'√©lectricit√© au prix du march√© se faisant donc des lingots d'or de b√©nefs.
Une soci√©t√© qui pense qu'au b√©nef au d√©triment de ses clients.
A inscrire sur liste noir personnelle.
Date de l'exp√©rience: 11 mai 2022",1,22 oct. 2022
163,"Tr√®s bon fournisseur d'√©nergie
Tr√®s bon fournisseur d'√©nergie.
Souscription facile, prix int√©ressant
B√©n√©ficiez de 20 euros avec le code parrainage:
112922374
Date de l'exp√©rience: 10 novembre 2022",5,10 nov. 2022
164,"Des escrocs !
Attention ce sont des escrocs, j‚Äôai r√©silier mon contrat en octobre 2022, un montant de 176 ‚Ç¨ devrait √™tre cr√©dit√© sur mon compte, en ma faveur, sauf qu‚Äôen d√©but novembre j‚Äôai re√ßu seulement 166 ‚Ç¨, donc dix euros en moins.
J‚Äôai contact√© imm√©diatement direct √©nergie pour leur signaler, on me r√©pond qu‚Äôun virement de dix euros avait √©t√© effectu√© (pourquoi faire deux virements ?), sauf qu‚Äôaujourd‚Äôhui, nous sommes le 20 novembre et je n‚Äôai toujours rien re√ßu, je comprends que √ßa peut prendre quelques jours pour arriver sur mon compte bancaire, mais pas trois semaines.
Bref c‚Äôest √† fuir

MAJ du 15/12/22
Apr√®s avoir contact√© direct √©nergie pour leur signaler, DE me demande une copie de mon relev√© bancaire pour voir que je n‚Äôai pas re√ßu la somme de dix euros, et malgr√© la preuve incontestable que je n‚Äôai pas re√ßu les dix euros manquants, DE maintiennent que le transfert a √©tait effectu√© donc mon argent je l‚Äôaurais jamais‚Ä¶ probablement perdu en cours de route‚Ä¶
Bref je confirme c‚Äôest que des voleurs et des escrocs, mieux vaut ne pas avoir des probl√®mes avec eux car sinon vous √™tes toujours les perdent..
Date de l'exp√©rience: 19 novembre 2022",1,Actualis√© le 15 d√©c. 2022
165,"LE TOP RELATION
DEPUIS QUE J'AI QUITTE ENGIE POUR TOTALENERGIE JE N'AI QU'A M'EN LOUER CAR LA RELATION CLIENTELE EST BIEN MEILLEURE !!!
Date de l'exp√©rience: 01 juin 2022",5,8 nov. 2022
166,"Achat pellets mauvaise qualit√©
MAJ :Merci pour votre r√©ponse et de l'admettre, mais vous n'allez rien faire ?? 820‚Ç¨ de pellets qui partiront 2 fois plus vite... Quelle honte !! C'est la 3e ann√©e que j'ach√®te des pellets car ils sont de tr√®s bonnes qualit√©s compar√©s √† la concurrence.
J'ai recu palettes en Mai, mais cette ann√©e la couleur de ceux ci √©tait tr√®s fonc√©s. On m'a rassur√© en m'expliquant qu'il n'y avait aucune diff√©rence avec les pr√©c√©dents. Depuis 1 mois, nous avons remis le po√™le en route.
Il me reste encore plusieurs sacs de l'an dernier et depuis qq jours je commence √† alterner avec les nouveaux.
Et la catastrophe... Lorsqu' un sac de l'an dernier me dure 2j sur une temp√©rature int√©rieure et ext√©rieur identique, les nouveaux ne me dure que 24h.
Je suis assez en col√®re, car ceux ci m'ont qd m√™me co√ªt√© 200‚Ç¨ de plus que l'an dernier.
Je ne demande pas de recevoir 2 palettes offertes, simplement d'√©changer ceux qu'on a re√ßu contre 2 nouvelles de meilleures qualit√©s.
Si vous ne me croyez pas, je peux filmer 48h non stop, l'accelerer et vous l'envoyer.
Car oui je n'ai pas que √ßa √† faire de me plaindre pour une couleur de pellets, mais bien un soucis de qualit√©.
J'ai d√©j√† envoy√© un mail sur votre site sans r√©ponse.
En esp√©rant une r√©ponse ici merci
Date de l'exp√©rience: 30 novembre 2022",1,Actualis√© le 1 d√©c. 2022
167,"Le site est intuitif
Le site est intuitif, facile et nous avons de bons interlocuteurs professionnels.
Date de l'exp√©rience: 27 octobre 2022",5,17 d√©c. 2022
168,"Parfait
Lors de ma souscription, le conseiller a √©t√© parfaitement clair et vraiment tr√®s professionnel.
Date de l'exp√©rience: 28 novembre 2022",5,29 nov. 2022
169,"TRES BON SUIVI DES DEPENSES
TRES BON SUIVI DES DEPENSES; eXCELLENT RAPPORT CLIENTELE
Date de l'exp√©rience: 30 d√©cembre 2022",5,3 janv. 2023
170,"je recommande( 20‚Ç¨ pour chaque‚Ä¶
je recommande( 20‚Ç¨ pour chaque parrainages) j'en ai benefici√© plusieurs fois cela fonction.
Date de l'exp√©rience: 21 f√©vrier 2022",5,21 nov. 2022
171,"Je suis chez Total Energies et tr√®s‚Ä¶
Je suis chez Total Energies et tr√®s contente aucun probl√®me, tr√®s s√©rieux et attentif, je recommande
Date de l'exp√©rience: 02 novembre 2022",5,2 nov. 2022
172,"Arnaque
Arnaque, je viens de r√©silier ‚Ä¶
A √©viter
R√©cup√©ration de clients plus que douteuse
Date de l'exp√©rience: 18 novembre 2022",1,18 nov. 2022
173,"BON SERVICE
RIEN A SIGNALER SERVICE INTERNET BIEN
Date de l'exp√©rience: 07 janvier 2023",5,7 janv. 2023
174,"Excellent service
Excellent service, content d √™tre pass√© d EDF √† TOTALENERGIES. Service rendu excellent
Date de l'exp√©rience: 27 octobre 2022",5,27 oct. 2022
175,"Fiabilit√© des donn√©es
Date de l'exp√©rience: 15 janvier 2023",5,15 janv. 2023
176,"Service s√©rieux
Service s√©rieux. Interlocuteurs pro.
Date de l'exp√©rience: 01 janvier 2023",5,1 janv. 2023
177,"super rien √† redire
super rien √† redire. tout marche bien

pas cher
Date de l'exp√©rience: 27 septembre 2022",5,13 d√©c. 2022
178,"Tr√®s satisfait je recommande mon‚Ä¶
Tr√®s satisfait je recommande mon exp√©rience √† d autres clients
Date de l'exp√©rience: 09 novembre 2022",5,9 nov. 2022
179,"Site clair
Site clair, bonne communication
Date de l'exp√©rience: 30 d√©cembre 2022",5,30 d√©c. 2022
180,"Du s√©rieux
Du s√©rieux, de la r√©activit√© et des conseils pertinents
Date de l'exp√©rience: 20 octobre 2022",5,13 nov. 2022
181,"Tr√®s bien et permet de faire quelques √©conomies...
Ca fait maintenant plus d'1an et demi que j'y suis et tout se passe tr√®s bien, j'√©tais chez EDF tarif heures creuses/ heures pleines, et l√† je suis pass√© chez Total direct √©nergie.

J'ai fait la demande pour passer en tarif de base, √ßa √† pris 11 jours pour y passer .

J'ai pris le forfait online donc j'ai une r√©duction de 5 euros HT sur chaque MWh par rapport √† EDF. Apr√®s tout ce qui est abonnement et taxe est pareil.

Dans mon cas je consomme 8000 kWh par an soit 8mWh donc 40 euros HT d'√©conomie.

Beaucoup de personnes se demandent comment √ßa se passe en cas de coupure ou de probl√®me sur la ligne car par habitude, on croit par erreur que c'est EDF qui s'occupent de √ßa.
Mais que vous soyez chez EDF ou Total Energies, c'est exactement la m√™me chose, c'est la soci√©t√© Enedis filiale d'EDF qui se d√©placent pour r√©parer le probl√®me et ils travaillent exactement pareil que vous soyez chez tel ou tel fournisseur.
EDF est un fournisseur d'√©lectricit√© au m√™me titre que Total Energies et Enedis est le gestionnaire de r√©seau.

En point faible, s'il faut en trouver un, c'est peut √™tre l'appli mobile qui est meilleure chez EDF, mais mise √† part il n'y a que des avantages √† passer chez Total Energies.

Concernant les hausses pr√©vus pour ce d√©but d'ann√©e 2023, que vous soyez chez EDF ou Total est pareil au niveau de l'augmentation, vous ne payerez pas le double ou plus comme chez certains fournisseurs.
Comme les prix chez Total sont index√©s sur ceux d'EDF, vous payerez 15% en plus comme chez EDF.

Avec les prix qui deviennent compl√©tement dingue au niveau de l'√©lectricit√©, une petite de r√©duction est toujours le bienvenu...

Code parrainage 110511024 pour √™tre gagnant tous les deux ;)
Date de l'exp√©rience: 24 octobre 2022",5,24 oct. 2022
182,"600‚Ç¨ pr√©lev√©s en trop depuis des mois, proc√©dure de remboursement de plus en plus compliqu√©e au fil de mes r√©clamations
Je quitte mon logement fin 2021 mais je reste propri√©taire du bien immobilier.
C'est alors le d√©but de mon √©ch√©ancier d'√©lectricit√©.
Je contacte un conseiller afin de r√©duire le montant de mes mensualit√©s puisque je n'occupe plus le logement (je veux garder le contrat pour vider et nettoyer ma maison). Il me r√©pond que ce n'est pas possible et que je serai rembours√© √† la fin de l'√©ch√©ancier. A l'issue de celui-ci je suis √† nouveau pr√©lev√© de 53‚Ç¨, ma consommation se basant soi-disant sur un relev√© physique de Enedis. En regardant de plus pr√®s ma facture, il appara√Æt que les relev√©s du 31/01/22, 01/03/22, 03/07/22 sont tous sup√©rieurs √† mon relev√© de Septembre 2022. Ils correspondent en r√©alit√© √† des estimations de consommation. Je suis factur√© avec l'information malhonn√™te et frauduleuse que des relev√©s sont effectu√©s √† mon point de livraison.
En septembre 2022, ma maison est vendue et je cl√¥ture mon contrat. Je d√©m√©nage √† 120km. Je contacte le service client totalenergies pour faire une r√©clamation, informant le fait que j'ai v√©rifi√© les compteurs heures pleines et heures creuses, et les ai photographi√©. Le conseiller me dit que totalenergies ne peut pas faire de r√©clamation √† Enedis car je n'ai pas photographi√© de journal avec la date aupr√®s de mon compteur.
Le 26/10/2022 je retourne aupr√®s de mon compteur (heureusement que les nouveaux propri√©taires n'ont pas consomm√© d'√©lectricit√©), j'ach√®te un journal (que je ne lirai pas) et je prends la photo du compteur HP. J'envoie cette photo √† l'adresse suivi.technique pr√©vue √† cet effet. On m'informe alors que la photo heures creuses est manquante donc que Totalenergies ""ne peux porter r√©clamation aupr√®s du Gestionnaire de R√©seau et de Distribution car il refusera de corriger votre index sur la base d'√©l√©ments non probants"".
Je dois retourner sur place en esp√©rant que les nouveaux propri√©taires n'aient toujours pas fait avancer la consommation.
Les d√©tails demand√©s auront engendr√© 480km parcourus en voiture, achet√© 2 journaux pour rien, m'auront fait perdre 2 demi-journ√©es de temps, uniquement car des estimations Enedis ont √©t√© marqu√©es √† tort ""relev√© par Enedis"" sur ma facture. Totalenergies peut ainsi faire fructifier du capital (plus de 600‚Ç¨) obtenu frauduleusement aupr√®s d'un particulier.
Date de l'exp√©rience: 23 d√©cembre 2022",1,23 d√©c. 2022
183,"je suis tr√®s content
Date de l'exp√©rience: 03 janvier 2023",5,3 janv. 2023
184,"Efficace
Pas d'attente au t√©l√©phone, r√©ponse rapide et efficace
Date de l'exp√©rience: 20 octobre 2022",5,25 oct. 2022
185,"Aucun souci √† mentionner
Aucun souci √† mentionner. Site bien fait
Date de l'exp√©rience: 01 d√©cembre 2022",5,1 d√©c. 2022
186,"Je suis satisfait des services fournis
Je suis satisfait des services fournis. Je recommande
Date de l'exp√©rience: 27 octobre 2022",5,27 oct. 2022
187,"Traintement rapide d'une anomalie sur‚Ä¶
Traintement rapide d'une anomalie sur mon dossier
Date de l'exp√©rience: 08 novembre 2022",5,9 nov. 2022
188,"20‚Ç¨ de remise avec mon code parrainage
20‚Ç¨ de remise avec mon code parrainage
113201150
Date de l'exp√©rience: 01 novembre 2022",5,1 nov. 2022
189,"Je vous conseille il sont rapide et‚Ä¶
Je vous conseille il sont rapide et efficace
Date de l'exp√©rience: 13 octobre 2022",5,3 nov. 2022
190,"L √©nergie et le gaz a facturation‚Ä¶
L √©nergie et le gaz a facturation mod√©r√©e.
Date de l'exp√©rience: 09 novembre 2022",5,9 nov. 2022
191,"Tout est parfait
Date de l'exp√©rience: 31 d√©cembre 2022",5,31 d√©c. 2022
192,"Pas d'emb√™tements
Pas d'emb√™tements, tout est clair.
Date de l'exp√©rience: 24 novembre 2022",5,24 nov. 2022
193,"Un peu cher mais efficace
Date de l'exp√©rience: 11 d√©cembre 2022",3,11 d√©c. 2022
194,"Tr√®s bon tarif et interface lisible
Date de l'exp√©rience: 02 novembre 2022",5,14 nov. 2022
195,"Rapide efficace et clair
Date de l'exp√©rience: 08 novembre 2022",5,11 nov. 2022
196,"souscription total energie
explicite et donc parfait
Date de l'exp√©rience: 04 novembre 2022",5,6 nov. 2022
197,"Bien cordialement
Date de l'exp√©rience: 24 octobre 2022",5,24 oct. 2022
198,"aucun probleme
Date de l'exp√©rience: 28 octobre 2022",5,28 oct. 2022
199,"Aucun probl√®me
Date de l'exp√©rience: 26 octobre 2022",4,26 oct. 2022
